years,model1,model2,model3,model4,model5,model6,model7,model8,model9,model10,model11,model12,model13,model14,model15,model16
1850,1347.73159,733.0778547,1400.321167,843.2471177,1789.691691,1426.271954,1012.754867,938.9335946,935.2048581,1156.844267,332.5082469,2082.53171,1555.163187,1170.065345,1172.150008,1214.771904
1851,1332.947064,853.3308347,1430.087838,730.7753918,1571.582609,1386.606581,980.5741866,1130.802427,1069.404176,1197.574223,423.5069161,1669.389482,1562.82351,958.8336618,1201.23268,1266.742313
1852,1425.715196,926.992203,1328.963246,776.9319678,1552.786942,1460.70741,1026.678665,632.030673,1212.736586,1180.185427,348.0884582,1691.240079,1431.664012,1319.649364,1195.759268,765.8519947
1853,1351.825184,966.9630338,1195.356974,686.3346918,1960.475095,1313.665803,741.0593119,487.527535,1116.778735,704.1717279,423.2133178,2017.189975,1416.816637,1095.120946,1005.74082,1089.445009
1854,1365.60787,901.4241564,1391.40943,839.3555491,1232.21997,1019.979811,1029.207945,644.487736,1143.219748,1159.281612,289.2477991,1733.062799,1357.906795,1152.742974,1211.397965,863.1231919
1855,1576.671766,931.7306931,1246.437217,733.9651785,1341.665926,1386.579483,1028.390625,640.868451,1150.887184,953.1320721,363.5159028,1962.698021,1560.056405,1364.47612,846.0248768,709.9819297
1856,1178.07157,718.5304432,818.1958569,836.1714977,1762.952545,1297.423515,1083.219027,870.1161154,1237.140573,1154.296703,277.1000351,1850.878421,1367.707545,885.2899543,1350.568182,862.5603327
1857,1243.100866,754.4237784,1334.102109,722.6932369,1847.326432,1137.607056,781.7708501,759.3689445,1132.666409,1369.837896,344.094727,2037.458152,1419.955675,1245.863467,880.6221902,992.9456749
1858,1205.594609,768.7500221,1277.736939,727.4582394,2314.971208,1390.024916,996.5380623,698.0937143,1075.433869,1077.733304,471.8167626,2117.093459,1516.495381,941.7098719,1140.284213,848.1752176
1859,1148.315073,699.9877451,1397.315295,794.8324897,1511.732235,1550.575195,1019.598315,819.9906769,1074.251494,1494.089555,250.5886876,1340.438736,1563.096484,1300.252083,1361.316313,623.5889307
1860,1398.848537,776.8291809,1605.271702,843.2017476,1879.562074,1393.053174,975.9794957,700.2022857,1285.799912,1319.020789,421.89848,1871.628685,1485.140823,1120.498547,1052.362834,983.6513069
1861,903.0996972,968.3566525,1234.599658,883.0209613,1432.239435,1594.787881,948.8561356,863.1394827,1005.194696,1431.524966,279.0529706,1800.206326,1644.005032,1159.684957,1006.658597,640.7197853
1862,1446.699572,788.4171779,1528.681361,603.9196565,1484.68367,1234.807647,829.3573023,653.6150389,1125.288892,1446.264886,460.2368599,2127.576374,1525.928409,1103.624692,1215.787875,940.7633828
1863,1276.610891,748.5107122,1442.323301,845.1599908,2013.946073,1283.823273,993.9935996,568.6861313,1065.312807,1192.239842,255.8444147,2381.100302,1450.871502,1207.890426,1302.841697,858.0179927
1864,1075.812416,758.7931577,1087.270492,707.7213949,1671.563483,1532.103729,1000.600897,1045.46249,1026.781453,1095.685322,320.3513912,1886.06276,1609.262632,1402.865799,1056.744625,961.7100881
1865,1144.47961,733.9117733,1170.512694,776.6519949,2152.352739,1370.269017,879.8708776,698.0998108,993.7091341,893.5649095,552.9206421,1660.477855,1519.77224,1212.525368,1177.777281,625.6246599
1866,1339.925727,699.2556718,1089.816074,573.1790063,1720.20868,1357.582895,769.3239478,701.4444326,1010.560364,1328.514587,461.1160973,1872.44277,1363.000531,1179.338914,1074.613889,703.2169484
1867,856.6972288,833.4661704,1366.551805,629.4309642,1489.302512,1269.527579,1020.724067,876.6272512,1236.671297,1416.769689,484.47922,1982.945373,1726.083207,1382.464716,1088.432961,582.9439701
1868,1182.969455,779.277693,1261.9982,632.3293101,1335.145451,1362.834194,1101.225883,808.1250409,1115.092365,1442.494171,523.0135869,1736.558133,1769.436669,1322.050245,774.3424938,840.849504
1869,1356.440893,814.3713321,1224.573541,566.8572631,1623.355359,1224.361751,1013.534597,616.9157915,1091.208751,1282.644808,574.8643388,1786.256099,1471.871049,1616.625646,937.0290211,961.2066711
1870,1184.686871,916.1831738,1146.38342,712.9126725,1635.39611,1188.143929,1203.905305,1029.003822,1212.62725,1100.42472,332.6266068,1575.425989,1291.246375,1121.75086,1476.478022,743.5604798
1871,1418.320301,963.4566084,880.4175413,721.1369837,1537.52912,1442.091021,1266.15472,498.6055405,1109.417729,1275.019059,260.7502579,1842.304792,1585.536764,989.0466067,1252.615373,771.6157496
1872,1208.444295,746.2543643,1377.649036,694.6981906,1983.486113,1400.307738,960.5148691,652.0610308,997.7226483,1363.34274,288.0972594,1871.584661,1440.273362,1378.981205,936.7053028,771.2265314
1873,1122.285868,801.8162219,1420.712842,778.8246388,1869.726302,1297.992096,759.414721,1105.963785,1071.064506,1512.760934,308.1196107,2020.712889,1553.236417,1003.066788,1215.043674,606.7357294
1874,1080.477881,738.9518905,1703.018009,865.107067,1984.636289,1227.320582,884.6760076,746.6431317,1155.665104,1204.929801,380.8764377,1945.941154,1244.722796,1120.437918,933.7606979,818.4216354
1875,1046.566218,816.0291214,1164.915534,650.6746228,1819.976333,1158.754561,902.4319008,771.7073455,1127.169577,1563.432898,267.7211574,2305.589275,1407.483038,1195.36077,1319.052925,610.2261665
1876,1523.49618,771.8153489,1127.757898,614.3458106,1988.17276,956.9298017,1270.526868,603.5149249,1167.432432,1478.073447,291.8732641,2026.0718,1603.466588,1383.001774,1492.176715,825.1800935
1877,1124.016046,1048.41859,1059.400788,736.8702258,1753.083221,1036.915372,1183.395582,670.4385095,1213.848265,1337.650818,325.9545384,2032.205588,1609.075934,1454.637126,797.4725704,993.4037438
1878,968.105658,542.8858771,1079.77409,751.9958968,1686.921181,1069.085663,933.0080519,910.7871207,1035.919601,1070.465249,406.2218264,2060.683006,1448.860207,1518.511084,935.0347837,936.481389
1879,1037.033192,749.2234794,1182.234529,816.2842012,1322.946722,1304.305107,960.5038237,910.6886122,1225.319683,1238.525514,401.7775474,2056.192402,1332.968667,1342.986978,960.7118471,819.6448995
1880,1276.866182,826.0248378,1191.962368,799.6617799,1465.040552,1214.849184,949.4744778,650.1450899,1217.067645,1396.123364,200.4206807,1862.240721,1420.204071,1711.564005,1422.33732,590.5641671
1881,1300.428987,664.157485,1477.118913,705.4950155,1627.75932,1183.009426,1114.639647,593.077583,1101.793288,1428.431263,525.214605,2145.907637,1424.546963,816.7086699,1214.269247,659.9689147
1882,1069.630241,1115.383345,1137.599313,791.9571428,1715.646414,1409.449979,1177.4736,638.722053,1323.369711,1353.76167,373.4462014,1994.596308,1664.619964,1130.851752,1055.600294,916.4446985
1883,944.2917527,1064.436919,1570.294949,652.0270941,2109.125034,1212.132742,1049.870434,867.6508945,1099.71802,1549.08853,306.4500702,1489.791199,1470.825074,1434.48728,1564.539403,927.5999296
1884,1152.295615,883.7776957,1318.553684,758.2820015,1356.766209,1363.264495,1018.792009,837.739708,1065.926591,1602.54938,319.131861,2045.547845,1590.706672,1492.668203,1076.612732,809.1689791
1885,1009.141197,944.9690771,1181.751381,829.073809,1478.578458,1084.919315,1051.507099,792.8200066,1005.027702,1447.318292,462.8255007,1963.053483,1400.924692,1428.084587,876.2523841,863.1892606
1886,1134.628649,809.9700406,1134.290552,718.2522129,1894.865028,1244.142251,901.9068345,581.2708284,989.8752978,1360.475788,347.6083993,1907.475911,1413.37595,1310.553191,494.6465378,904.2790832
1887,1330.970914,859.6569402,1167.658183,745.7357478,1593.863824,1377.03994,932.2612883,438.7107744,1211.945071,1283.146236,510.0505197,2094.814899,1657.532603,1394.280294,1043.999873,938.2151411
1888,1500.553214,911.9426673,931.9115371,645.8744258,1950.384084,1367.317312,823.5471203,930.1508698,1117.460407,1191.717349,377.1400212,2110.886878,1559.197914,1281.426901,960.5435281,1075.941799
1889,1487.208805,949.2568083,1272.407155,772.9155374,1404.422351,1297.110098,1017.645129,919.9412217,1128.526297,1460.347592,292.5029109,1701.239178,1302.242935,1432.872258,1287.64692,1001.205216
1890,1099.527791,829.601407,1181.543401,791.6330843,1657.991454,1342.469176,1063.957223,974.1104197,1013.318135,1262.840087,290.0848575,1799.63293,1451.654466,1136.288803,858.6721231,852.089783
1891,1198.16016,731.9077227,1075.725226,666.0580944,1412.897292,1183.34909,1003.615797,756.1694228,1026.071052,1378.769967,332.0256265,1968.645918,1448.300614,1211.76557,668.6620241,663.0121577
1892,1925.187012,792.6982614,1438.297242,965.2402387,1832.74187,1353.775156,1162.862142,397.0488393,1217.096174,1299.175048,238.1004466,1629.229422,1502.639865,1316.417307,928.945539,771.7071836
1893,1350.007335,963.9855313,1347.834831,794.7962734,1602.955962,1328.763554,831.0728762,619.5105795,1344.356888,1202.557544,228.0610168,1908.202235,1538.814869,1096.056603,1200.133306,621.3717244
1894,1070.560225,872.0063036,1026.1168,561.5416943,1875.342878,1269.516863,1205.62562,1019.51594,1382.834207,1083.156286,312.1765656,1953.121143,1369.885177,864.8645834,970.1235026,702.5349567
1895,1137.009332,896.4124061,1266.421089,602.8949916,2008.938198,1249.655454,917.1463843,621.095275,1204.824147,1508.38979,232.0114597,1402.826382,1587.663966,1037.39418,989.3662592,663.0839321
1896,1182.833879,863.1284028,1064.650299,676.5021658,2057.82219,1130.097044,859.2907141,695.5128804,1211.347815,1149.445535,246.8015241,1838.128395,1562.609775,1666.229074,1040.445548,844.6499229
1897,1303.049192,881.1662946,1245.623157,815.3564793,1754.093113,1284.957215,1006.372978,677.2153378,1088.709812,1488.061355,396.239845,1770.561806,1494.062953,1281.458327,964.5935177,711.0648872
1898,1051.204673,1031.358912,1768.502734,817.2367847,1686.626363,1280.466095,985.7074127,759.7315594,1055.213097,1263.404531,401.3724678,1807.173342,1415.110796,1147.738865,1174.90539,980.3177637
1899,1384.02278,634.8641857,1291.871454,723.3729577,1909.969556,1503.61931,1005.050442,431.4303975,1261.732143,1275.155526,431.3175766,2374.483295,1622.140578,1600.756542,1138.311519,851.4183064
1900,1220.064358,755.3690365,1447.331367,924.2665321,1788.697573,1500.836775,1007.576217,421.2878473,1039.443289,1219.531975,323.5749067,1570.888052,1579.648838,1324.64529,1228.938446,621.2707731
1901,1504.04273,689.2500063,1087.419273,615.197443,1856.700809,1540.952654,935.2975824,521.2291643,1062.919298,1283.366811,393.6553016,1780.67297,1642.879184,1043.563785,1066.829648,557.2292489
1902,1192.015161,685.8591208,1499.970763,805.3753831,1619.443289,1398.139061,911.9111354,628.5940173,1117.13137,1404.909095,346.909598,1819.375482,1520.072235,1116.635454,1088.641038,846.3511578
1903,1015.940651,1004.606849,1150.139175,762.5547396,1615.751667,1252.506677,849.0848588,687.2145325,1226.762697,1615.634203,488.7265456,1927.406357,1687.020746,1547.628362,873.72887,1099.144043
1904,1728.012279,836.4883107,1286.292509,759.7453471,1470.652786,1256.814268,740.3178907,481.9412995,857.7297768,1195.299956,643.5178985,1911.298674,1618.128784,1523.650767,971.1003084,598.5846963
1905,984.9742245,907.8741538,1140.23562,786.7391911,1426.01894,1319.067166,1116.328817,820.3956473,1437.762623,1385.057214,506.9086666,2058.97289,1541.357077,1128.026825,1055.859854,696.2627083
1906,1422.477739,652.0802713,1200.679087,857.630688,2229.684695,1231.14855,789.2909436,466.9895012,1074.231062,1040.426307,337.5541378,1832.854965,1516.999546,1191.851744,897.6129899,547.3465191
1907,1297.725951,774.5543182,1250.852067,573.7098411,1807.275583,1075.962684,1056.187364,625.0765102,1170.46658,1006.438001,306.6694119,1901.590908,1122.2024,1386.538505,1136.15784,797.3103662
1908,1263.607432,902.5811232,1610.473761,733.6922058,1366.754109,1185.327099,1151.122204,1449.532761,1166.767627,1388.789749,359.5778232,1257.033159,1584.963867,1164.205833,1036.663094,787.159738
1909,1482.638178,792.2973867,1274.575657,916.7539448,1369.044993,1282.997251,991.8093654,863.9579128,1104.018049,1389.97904,347.4728458,1901.803558,1735.006483,1400.315974,973.5338675,793.010755
1910,1221.211267,830.1459837,1242.113885,682.0890368,1523.458329,1236.1778,958.3406689,755.9871211,1025.178111,1544.039508,380.7234156,1959.176843,1458.549885,1195.874952,1151.279372,1064.232649
1911,1066.379147,625.6626749,1078.598614,778.1304602,2205.772164,1250.761868,1017.169937,754.9898346,1174.695626,1127.824305,384.6711533,1965.787041,1468.575104,1309.458315,1260.124161,809.1908793
1912,787.3635772,853.0354361,1305.256081,719.7107987,1845.480213,1258.466482,1202.374634,1068.705544,1133.75707,1262.772802,324.6655572,2018.65176,1463.462981,1677.711581,1034.967579,716.2710529
1913,1476.712123,757.3347818,1494.915366,792.2351053,1287.224195,1183.480687,993.0488887,824.4887494,1098.605386,1155.639527,272.7635404,1942.824549,1637.694105,933.2995989,687.753597,895.974949
1914,937.0500779,930.650738,1117.639671,665.3198498,1187.158862,1170.694561,1140.384026,1223.2679,1120.310928,1432.247085,339.5245642,1755.639662,1604.754143,1486.338757,1239.21384,946.3175118
1915,713.058568,855.3781179,1360.355803,840.2437547,1123.049985,1469.583318,957.3410694,598.6431696,967.915493,1451.713582,338.5769098,1887.494186,1585.011086,1100.823934,1593.806328,986.6428395
1916,1080.915008,749.279832,1429.288961,800.3070223,1736.351911,1423.265987,733.4867521,737.9543197,1177.485153,1515.724841,508.7127499,1827.888791,1483.619957,1383.365074,1388.844091,1074.524474
1917,1266.84217,890.8851177,1137.466868,602.1707148,1812.401005,1163.243035,820.9098557,872.3386447,1077.187509,1420.853615,623.2183833,1775.172673,1443.309217,1190.373911,1050.853628,964.656513
1918,1073.105885,832.0778647,1172.757534,579.5573333,1160.082787,1181.263626,1074.548394,742.7657781,1196.496688,919.3761126,319.8747155,1623.62679,1299.515832,1465.975967,1082.833613,637.0094476
1919,1180.617669,943.3697893,1423.168511,703.5170843,1730.664994,1290.513114,776.2957147,499.9814056,1133.781765,905.4799055,342.6906823,1873.517095,1363.753617,1417.646474,1181.777594,968.3322638
1920,1411.0548,977.2830484,1276.169862,546.1766367,1509.707746,1176.424909,1227.995289,926.9498221,1011.201261,1184.041361,468.5949265,1914.828747,1491.832658,1039.350622,1359.334184,693.9136971
1921,1698.91982,812.3106367,1341.050282,706.4456553,1562.17466,1351.187086,1042.33294,532.8970084,1206.156144,1336.797831,296.6729673,1713.765108,1476.932811,1440.486865,1182.677343,880.8149453
1922,1302.952155,775.345596,1487.282832,796.948839,1934.261495,1414.844391,1102.847532,891.5543387,1176.776173,1297.915993,429.7175085,1988.691487,1441.258744,1680.169996,1656.513905,995.9233207
1923,1191.101737,877.5184053,1207.955331,1019.357373,1892.144957,1503.497773,1056.069886,1136.998469,1084.347312,1322.077969,320.7544658,1908.903909,1412.048259,1019.203164,1211.81245,596.7690274
1924,1450.922219,820.3365137,1560.810618,545.0378958,1532.932042,1312.381481,897.1851981,606.5095995,1197.473992,1034.974564,280.3702116,1981.264075,1469.017664,1316.475541,1088.22704,924.9544272
1925,1205.294305,1010.823098,1280.713907,733.5420903,1415.303868,1163.869931,823.7339249,711.4695513,1267.324519,1151.556238,343.8516639,1888.037611,1659.887859,1215.568864,1284.788031,796.7209763
1926,1386.918917,765.4920461,1218.936894,750.7932053,1350.391943,1211.909684,1031.868265,548.9740243,1157.971816,1302.857068,474.0606752,1918.670832,1458.959211,797.9409976,1002.181596,914.0498827
1927,1249.949359,773.9188528,1165.331354,856.3356101,1824.935754,1151.160778,799.7694725,967.0475042,1153.19695,1297.972772,447.8925768,1639.606163,1510.402205,1415.332845,1096.066935,989.3081338
1928,1282.353494,842.0741935,1079.090029,804.7910931,1223.771603,1264.650313,911.8981932,681.8374895,1228.593267,1454.19362,260.7520322,1654.096842,1539.998475,1385.826769,1008.60955,1047.49423
1929,1045.984997,758.893738,1223.824201,612.9400322,1311.257795,1388.051957,805.9367002,1329.319626,1083.472526,903.3218256,412.5892839,2111.035049,1420.788839,1068.066698,1339.892506,814.9779251
1930,1254.986855,863.5604727,1484.113937,929.6335662,1779.059083,1155.326265,779.4453569,700.4305823,1438.777726,1491.447649,384.1789759,2308.777534,1464.617759,889.012393,1067.922713,1072.751381
1931,1546.680717,854.5908691,1144.56024,744.2248901,1634.664586,1182.661224,852.4954973,621.7819495,1200.729599,975.643502,437.9494525,1668.567588,1739.740988,1083.834635,1023.195662,893.0937707
1932,1287.981291,714.5774618,1090.207018,824.3818683,1530.519578,1079.136683,987.5939989,784.9788095,1333.817119,1188.830496,282.9250299,1767.197339,1597.397988,930.8755212,1692.114101,1158.907993
1933,1286.85103,808.0689854,1207.131091,879.2128257,1606.996345,1279.054807,1151.659676,868.6562997,1016.997615,1074.457688,210.5311361,1761.212975,1552.984944,828.990942,991.4781903,988.4262724
1934,982.4911997,769.3349739,1150.294741,735.3367561,1766.902466,1279.159625,859.5048676,577.3125816,1008.929445,1222.724755,280.0849666,1911.779703,1375.409706,1228.449309,901.146647,1140.118648
1935,1294.724319,767.1767637,1479.827144,804.9498911,2286.133481,1274.397853,893.7187081,504.6768687,1178.963273,1291.201407,303.61848,1743.0816,1394.55027,1314.357494,1121.317107,1046.615429
1936,1110.721063,740.2312822,1251.862952,780.024077,1983.421471,1369.82596,948.8033271,468.4045297,1292.799022,1305.696767,350.7893055,2419.719971,1409.861028,1576.21196,1142.021491,628.100034
1937,1479.780337,822.2723702,1433.893911,717.4117626,1840.093985,1533.375821,870.4896849,443.5079284,1125.576699,1248.943214,346.4187733,1969.623075,1510.979483,1375.713258,1164.479273,770.5569562
1938,1207.551916,1030.433646,1194.060887,890.4913336,1989.177601,1396.037848,873.8674229,617.1663646,981.8614982,1551.584657,577.3249806,2011.746461,1598.450296,1183.478763,994.6134589,671.8760393
1939,1456.552312,910.95554,1056.400865,702.68004,1593.430717,1202.643682,957.5349523,632.3987004,1111.815604,1209.571128,413.6006672,2043.656531,1554.201818,1254.907775,1221.371565,791.37575
1940,1347.131025,839.5527424,1152.900169,852.2848405,1804.125981,1410.425858,879.7308946,892.908545,1092.53662,1270.669348,374.4813261,1998.989104,1597.24962,1285.709897,1181.848046,720.9047835
1941,965.0964263,782.7930763,1158.301651,931.6507125,1822.027136,1304.911273,865.8563295,990.2324959,1083.212218,1193.994798,363.9928007,1659.577335,1559.338913,927.0256196,1030.758198,748.2214422
1942,1241.750978,827.7725559,1249.41273,772.1354335,1579.657256,1434.466709,835.2794145,731.0337366,1029.278496,1179.180315,392.5442556,1819.078717,1447.506775,1304.808942,868.8102569,942.1408461
1943,1038.122556,767.8325508,1087.349591,741.8842156,1624.041944,1367.036212,1033.750604,615.1977132,901.584919,1240.806337,293.5587349,1888.311409,1432.292329,1357.807997,857.4532463,1047.56161
1944,1094.81998,896.042105,1312.022664,728.6475763,1680.488292,1237.539285,996.0976927,590.9023706,868.0782799,1224.167418,432.9789558,1900.254613,1490.534907,1113.915675,786.3165201,746.2287657
1945,1509.699301,823.5749729,1015.314591,1003.245764,1729.502332,1271.877103,901.0798215,735.2005968,1095.836631,1173.50824,563.3841741,1740.87657,1499.483271,1278.618092,1097.816422,869.916998
1946,1174.514175,898.8718319,1287.266367,669.5790687,1859.101545,1304.08087,1109.842542,1103.721686,1030.952489,1226.626895,309.9769058,1559.867078,1304.266422,1394.111443,1184.402482,830.0622365
1947,954.0373576,751.5952742,1303.758838,816.4850891,1898.578429,1227.604594,881.5560179,883.5325025,1157.882026,974.4351487,367.4051482,2340.820282,1657.198656,1571.962089,1098.805878,693.9574947
1948,981.4849465,986.8424008,1383.787828,889.9743001,1560.627467,1392.444196,934.8369547,1122.715168,1255.768018,1124.05,516.0271456,2165.471214,1462.412794,1079.637529,1584.016908,725.2362587
1949,1103.972095,888.413069,1268.707769,753.8771132,1462.43632,1484.574192,1043.662301,606.4991796,1058.74316,1090.377783,395.9185994,1788.51491,1732.561194,1557.271137,937.4924425,838.9366898
1950,1000.835032,908.8284907,1439.492578,811.4890361,1278.743717,1402.602984,930.7921011,790.0716278,1009.284032,1729.759978,478.8070555,2237.015228,1320.497149,1009.289513,1094.242333,829.0699
1951,1451.750209,907.0911087,1525.443816,791.4531394,1555.222418,1193.953603,784.9732658,821.9633616,1250.158421,1486.249738,543.8444432,1734.452101,1743.67817,1361.162933,989.8246178,762.6286892
1952,1289.348122,957.5757005,1355.782002,996.9565237,1840.685747,1146.13649,1097.188311,869.4229021,1256.944719,1124.496875,355.7166526,1878.515951,1510.578868,1428.665894,950.9714198,830.1910096
1953,1309.438453,1094.864215,1245.28266,1063.636665,1737.570008,1405.11614,1061.449872,807.7641549,877.1844249,1393.952231,317.2458703,2191.321569,1574.968955,1364.094547,1264.319357,822.5199063
1954,1383.346418,859.5937258,967.8592125,609.417932,1631.96232,1365.102759,899.6619013,681.7875995,1048.487874,1565.309309,182.4183799,1758.555377,1400.972968,1168.233626,1038.938706,764.9660931
1955,1216.519895,821.9969922,1270.208516,928.440775,1321.997609,1496.640377,792.4703846,715.5887039,1151.611461,1054.857974,487.7132277,1506.07678,1425.941384,1544.282149,697.4062839,796.4570636
1956,951.1029545,861.0874653,1395.250929,579.7028351,1808.266381,1072.228705,1055.78095,628.8135766,1305.305723,1436.014132,544.0808702,1789.992893,1833.168832,1476.873064,1235.700025,1126.813285
1957,999.621166,541.1246148,1039.59763,752.0195526,1346.153659,1367.619988,848.29811,898.8394104,765.0900523,1344.864435,296.0643777,1599.412123,1575.689254,1343.292294,1124.676584,822.1503323
1958,1215.712494,893.54237,1060.116376,842.8565518,1782.747102,1251.481644,854.9809057,794.6913573,1338.981199,1524.470644,345.881825,1914.206727,1646.382965,949.4183682,806.3581345,797.8799874
1959,962.8665352,636.5502026,1540.449829,701.1176368,1473.611896,1389.291032,632.3725027,1211.911174,1110.476583,1459.728308,361.7008278,1894.867223,1519.758956,1221.797388,782.4533539,837.6917406
1960,1172.701597,756.9956839,1166.742121,868.7870267,1686.413122,1294.487819,1006.600194,762.3857664,1009.470722,1600.68139,300.2114623,1798.019916,1518.536255,1308.207563,891.5683866,936.0467103
1961,1162.09737,893.4446869,1347.626182,718.875243,1764.366657,1179.808226,942.4440732,845.5688929,1217.647921,1183.036575,392.9172817,1887.062542,1422.726139,1275.979217,917.8645856,1310.196108
1962,1190.334624,795.8443929,1276.268973,630.9687229,1432.039082,901.3615397,853.9754386,940.5470883,1214.739785,1222.254089,395.7690633,2311.938457,1317.322994,1352.685937,1088.335914,752.5380323
1963,1030.188495,732.3698475,1190.446027,815.2229256,2019.023452,1193.435385,823.0348056,643.0993179,1130.163013,1102.892522,336.5638202,1622.02917,1439.54453,952.1374115,1256.319539,976.9926849
1964,1182.481318,699.5627495,1180.575055,607.4155746,1421.803062,1365.593003,995.6198775,492.0888645,968.0478519,958.1529854,331.024057,1712.035817,1485.637682,1335.389136,1103.702771,730.585948
1965,1203.541429,911.3532504,1371.861654,651.3350221,1191.593661,1166.917476,925.9813155,605.7769899,1211.045859,1563.841199,467.791579,1814.495061,1433.506355,1323.000958,852.3705649,757.9682914
1966,1345.08101,692.112293,1195.889825,813.8637024,1466.652077,1010.693753,806.6132199,583.1342524,1118.715382,1178.198724,444.3076123,1565.035075,1428.766121,1232.156158,1001.566047,708.7475175
1967,1202.500676,899.8519457,1218.513083,820.1299761,1610.414075,1168.435111,1149.607162,593.1355794,1005.955052,1298.417801,355.8227458,1623.255678,1504.670695,1464.972436,1020.29437,998.0575498
1968,1287.350909,908.7500862,1230.072021,892.6323508,2057.11463,1203.452352,977.3992098,561.2134714,1321.256758,1127.805557,413.3119885,2086.583211,1317.50787,1188.644836,1061.406749,877.2894656
1969,1320.728368,701.9327688,969.5460593,667.3307889,1532.555149,1273.661261,878.5591459,946.2697235,1109.998412,1050.079542,420.1680349,1607.37118,1223.140681,1112.203387,1069.810235,1057.533269
1970,1146.764757,817.4642633,1090.136461,909.1873279,1231.623679,1274.783224,1004.732469,1160.1457,1044.20709,855.0620486,500.4178053,1877.732883,1357.697202,1092.668674,1239.546012,1036.102626
1971,1115.450164,916.5852089,1508.859704,850.2353088,1574.387421,1049.393964,876.9256207,612.9267505,985.9512274,1574.87174,328.9386078,1753.630985,1349.992356,1259.545233,815.6306997,950.7018663
1972,1515.413529,538.1711595,1420.561809,738.2149093,1889.852161,1333.117531,942.761256,678.5637972,1275.541013,1116.530172,382.7493876,1806.601718,1490.321635,1508.59584,902.2605421,1021.562722
1973,1232.408594,785.5315031,1334.734181,786.2405812,1942.852583,1032.107571,1042.149913,645.9325077,1004.894616,1295.649628,466.8971055,2092.351961,1405.703904,1110.471483,1083.159904,890.9207299
1974,1418.652354,754.7767141,1060.129246,590.4002754,1681.938799,1174.364778,881.6542304,869.4625701,1109.403266,1301.75201,473.1875187,1961.24503,1442.023383,1605.229508,887.2547007,807.6545283
1975,947.2417205,684.7458531,1320.120113,684.5051899,1726.148419,1185.242707,747.2073234,695.0666107,1008.002807,1266.351068,523.7615536,2017.021679,1107.329201,1412.349033,991.7410847,562.6478641
1976,1358.929851,708.0684121,1200.561569,804.068572,2009.472518,1358.766028,925.2139748,622.9304006,1319.69456,1208.009014,498.1852982,1769.805202,1664.528175,1571.230377,1457.098722,606.5454257
1977,1150.152329,685.1384681,1395.205342,708.6106046,1316.042724,1243.302415,1014.44293,736.8365909,1166.279028,1353.754801,504.801171,2046.874424,1535.594217,1447.295374,1293.502231,713.9537368
1978,1053.676972,960.5836078,1291.517929,732.1818623,1140.419464,1089.814075,991.5523014,696.5573232,1280.263834,1180.669745,362.6911556,1786.727742,1486.057849,1209.407741,823.2698572,692.2739893
1979,1201.462951,630.7627265,1345.207428,686.9926604,1565.222531,1286.018495,1188.327533,1000.074544,1132.451396,1498.434829,631.890477,1820.516492,1525.688308,1150.451707,950.4324766,1035.544508
1980,1372.241673,784.8191791,1287.455913,852.3403922,1607.525181,1513.762269,1208.269198,522.3988012,1093.751393,1435.199352,298.0011259,1831.052152,1730.135243,1151.425043,741.6310734,742.8234135
1981,1443.638496,786.0016168,1241.297065,871.7630424,1567.987529,1145.924511,1074.339431,721.6827397,1200.877148,1550.233567,416.9582103,1779.523772,1612.89162,1132.02169,1083.645836,814.7001024
1982,1621.961256,817.2315819,1248.165472,899.6207033,1873.840611,1468.00451,955.1086934,934.2244994,1099.775775,1298.594382,499.900689,1689.144021,1577.006844,1521.295397,1207.513478,859.9041126
1983,1518.306961,855.872646,1306.788807,758.7359496,1364.154005,1404.56282,935.590024,768.4618509,1467.812839,1455.565598,484.5250446,1632.381201,1647.308777,1123.813639,1232.451629,871.5171827
1984,1600.831696,880.811631,1101.06998,859.6832853,1820.538964,1268.328182,699.1217735,858.7329819,1169.531023,1472.237446,369.1665687,2135.074542,1648.17014,1396.77719,1053.300293,1243.385277
1985,1588.038625,722.0246182,1311.191791,726.5545719,1259.373278,1220.244829,853.9598238,750.2493295,1148.289352,1147.70844,193.3491425,1620.204191,1636.001457,1080.619238,1448.333589,789.3877936
1986,901.1365477,850.0040445,1052.403574,592.161472,2025.727442,1208.84416,909.1133801,469.5508958,1081.494361,954.9013686,550.581187,2223.933669,1343.759249,937.9274848,1109.775972,799.607295
1987,1283.123399,869.6456306,1312.942461,723.1374485,1854.956004,1174.629019,1053.371204,687.7934357,1049.92705,1456.328456,566.6870442,2050.099512,1597.287256,919.9286798,937.410237,869.3942112
1988,1014.881783,899.1783237,1463.319713,581.4666755,1442.336579,1251.905566,788.4091708,428.0226003,1123.51495,1095.551461,299.3382167,1938.224904,1543.214822,1215.080624,1020.723539,764.4289917
1989,1257.317055,680.5566383,1368.87904,817.9746252,1335.042204,1131.77247,916.6925135,662.4664962,1158.633213,1472.778342,453.4420946,1821.752816,1484.881833,1582.856263,938.9985083,922.5562459
1990,1232.431267,732.4016912,1178.453245,909.3728728,1305.407763,1421.915753,690.4576955,686.8221362,1057.359842,964.1609216,374.6753498,2280.087234,1476.665923,1660.584473,760.0973076,1079.376294
1991,1390.270487,817.1994514,1018.444546,878.5890829,1587.769619,1221.248826,994.9684947,605.5170762,1137.167351,1265.213938,417.7194251,1809.881857,1465.67998,1040.465573,616.3333319,1239.91525
1992,1360.462237,664.847919,1228.495874,614.4625387,1814.127511,1011.230566,930.7329191,777.8582354,868.2229391,1045.048262,333.3088094,2056.956794,1375.448406,1689.266408,1134.5987,687.3442195
1993,1484.363292,913.1685763,1479.730854,770.6625556,1309.373855,1479.920994,1125.562294,742.3622766,1120.261898,1226.577204,410.9759015,1971.087984,1438.148425,1227.002056,787.0328738,723.4354123
1994,1125.863183,780.2606647,1191.130646,863.8628335,1671.305993,1450.323014,1021.126812,1194.563016,1076.07783,1159.886429,434.8644492,1703.61071,1477.956057,1024.594644,1120.908748,741.2810678
1995,1221.020777,806.1480882,1489.908223,860.9926393,2167.824253,1242.055518,878.7872566,641.5218957,1234.861016,1294.434708,355.2000473,1995.020599,1427.691706,1015.35738,933.7537064,662.0009745
1996,1124.46248,941.973604,1636.324507,594.2547834,1477.436078,1002.740214,1082.880875,439.9977268,1133.755391,1188.216778,573.1708863,1948.071418,1421.537259,1309.279404,666.1765649,932.6809435
1997,1285.684556,918.7276223,1361.035472,962.523767,2180.661053,1459.239355,1080.076019,826.7895648,1193.369937,1357.562858,467.4479872,1785.856759,1496.182857,1115.913835,730.2807194,831.2605821
1998,1103.843677,900.5099115,1521.528093,833.1584137,1940.39926,1362.479869,1029.800535,528.2453449,1041.904527,1331.701421,367.5558174,1663.456406,1601.047922,1452.969863,1094.382363,807.1395317
1999,1508.931919,824.3441895,1126.373121,763.5504336,1789.687367,1338.472688,787.9090056,431.6189087,933.8664008,1153.788208,350.7799114,1805.936124,1438.86531,1414.49577,1039.082986,872.085652
2000,1078.24519,521.7054449,1526.62077,814.2147261,1629.771002,1228.774737,994.2103285,566.1374473,1180.500961,1279.242098,275.1855012,1928.671861,1449.795232,1140.672018,942.0456382,841.9350146
2001,967.1806628,749.1795074,1367.357647,838.4556766,1432.228059,1004.566751,942.719663,662.9835621,1123.367982,1805.357578,379.348527,1815.69385,1490.261055,958.1889565,1128.483524,971.5795072
2002,1207.779758,756.7202595,1230.12286,813.2926527,1658.972954,1488.73442,1058.388962,978.145953,1291.896896,1055.21171,441.9327167,2148.72912,1362.570301,1222.439679,1137.167781,829.707001
2003,1146.357735,793.8814196,1235.081111,806.7607256,1817.253651,1524.130042,837.3158402,894.2237022,1224.586409,893.1102381,258.4475896,1720.265467,1585.285143,1059.413895,858.499943,876.753107
2004,1629.453603,775.5710404,1358.606229,682.1228795,1826.460275,1321.289745,745.7236804,719.4575573,1019.628521,1315.210532,474.2742627,1989.305664,1437.47105,1141.846427,647.9808114,984.8632816
2005,1162.807871,670.2788817,1362.686327,779.653011,1609.634255,1110.148876,978.0055783,705.5041398,997.479639,1492.145342,350.8576436,1990.793983,1270.801406,1211.795457,1312.919334,883.2340177
2006,994.8752978,849.9001853,1450.392111,601.6981676,1672.607986,1328.741267,601.7340488,1006.850173,1329.334154,1794.453975,577.9712275,1819.367566,1582.122681,1111.761109,1133.511149,669.6657539
2007,1202.621075,684.7747124,1319.488045,657.050438,1613.784036,1229.737113,1165.035522,522.9024038,1181.653388,1296.525612,277.68598,1936.528691,1582.983123,1046.694142,767.9284018,1035.42056
2008,1538.149642,694.552782,1061.586841,673.5949289,1703.021464,1089.89256,1002.033947,502.6238026,1122.640986,1061.549739,233.8064063,2023.589412,1654.004457,1235.000627,830.5989524,926.8917059
2009,1422.603905,767.7074753,1128.753107,649.2062969,1885.94995,1101.662148,713.7752332,793.0503946,1235.168978,1263.710055,465.5512622,1670.982537,1597.174108,1413.499787,1249.82072,959.976811
2010,1033.991116,863.9540513,1188.269958,905.644783,1421.460041,1314.699269,914.6594368,947.1309057,1025.477684,1161.515917,277.3184711,2196.8523,1548.286598,1166.108167,1121.960474,999.9627559
2011,950.9270191,821.6034582,1194.801582,538.8438312,1527.911013,1382.05985,883.6891519,731.7768699,1267.462754,1335.30213,259.9750897,1789.782704,1712.457268,901.355013,1201.332735,927.7938419
2012,1182.819527,764.1126434,1421.903349,801.0910059,1473.558971,1227.180677,884.0278548,742.761881,1062.944356,1276.318538,253.9871105,1918.149413,1649.44779,1084.004628,1334.858951,649.7662127
2013,915.1073217,982.3606347,1268.742586,1026.378699,1523.586616,1257.614105,1174.010303,632.5346648,1381.61476,1379.158945,388.831841,1826.580748,1529.515594,1304.509949,1127.40576,957.6525585
2014,1435.986399,809.3969371,1288.511269,626.1037967,1745.302077,1202.24808,1166.066871,765.0492511,1186.975362,1228.526641,283.3680186,2075.348798,1283.022231,1109.628849,1093.835983,1016.914752
2015,1318.383149,837.6857452,1229.527489,904.0072489,2060.480794,1110.702622,1091.799732,715.1469938,1192.287185,1184.274885,291.8729509,2002.934941,1479.754361,931.5441541,876.6203974,773.8658962
2016,1727.242575,721.3954112,1366.692835,778.1871428,1469.08012,1522.217929,713.5623345,483.7848871,1108.575797,1048.818296,259.7578937,1923.061421,1346.877343,972.5300634,657.3651867,824.9203001
2017,1284.908986,854.7338269,1114.459779,859.0459349,1946.194933,1122.968216,891.2562189,831.1172216,1184.342725,1234.784106,310.2882677,1965.62399,1746.131703,838.720194,1007.373614,882.2378018
2018,1663.263504,589.8230051,1542.91041,825.5215374,1985.334731,1221.513228,1155.731062,661.8873882,1164.870932,1001.205892,363.2499651,1829.979538,1319.393782,931.1213769,840.6415627,921.6545228
2019,1224.161973,688.0407969,1519.85737,735.3170868,1288.778374,1552.70785,1035.958735,695.8022486,1094.241046,1400.074958,474.6317999,2339.602809,1383.275778,1212.260213,854.332772,797.7637696
2020,1220.462874,730.1738442,1089.577698,851.4729892,2019.175687,1372.157645,725.0108612,685.0519547,1184.730277,1393.111379,174.431336,1840.292196,1465.160092,1039.086072,1248.752385,779.1425562
2021,1497.678417,954.7803533,1397.794336,674.2256293,1593.292083,1135.865139,832.6604893,820.1545476,1212.612238,1252.89688,334.2261628,1645.001359,1521.427942,1281.645297,802.3247483,1131.946411
2022,1480.619988,733.4576053,1471.219151,788.7239336,2855.941317,1127.25121,915.8610384,839.7540795,1151.91544,1150.43531,356.6274741,2095.868918,1648.179846,950.1687772,823.0245614,875.3047294
2023,1423.581522,893.5893651,1101.61877,737.9672366,1655.996308,1255.464756,1059.981234,749.8986674,1108.830518,1331.023898,261.8305197,1733.903116,1595.180104,1088.044038,863.8682097,594.4403929
2024,1232.023184,645.700734,1571.872623,871.9793326,1412.330638,1372.888808,912.1672541,834.0628031,1409.145913,1297.32543,406.1761098,1514.564095,1392.573272,1236.433552,1176.772601,1094.661097
2025,1199.205835,869.4825999,1499.933845,869.2185308,1687.401627,1222.065843,927.1118316,798.7995734,1171.079713,1055.172509,558.4363877,1639.636506,1418.424965,1265.921408,1392.113115,643.9504724
2026,1156.139193,647.9506037,1178.883423,738.3077085,2133.451865,1323.430218,988.2802302,634.5243664,1137.540191,930.6377671,308.6065189,1910.418081,1598.068299,958.877586,741.8071076,786.4752039
2027,1542.53371,767.2488047,1384.505952,824.2857989,2049.737028,1434.028175,1416.363952,800.020724,1041.862447,1413.233213,322.6082459,2127.274874,1562.610099,1074.69103,906.4535659,705.3887003
2028,1256.593563,941.6685963,1444.517996,759.3412435,1774.981413,1507.198177,893.1388055,839.0036542,1111.799618,1335.98828,490.2946915,1984.212244,1584.470288,1020.173693,963.5001658,664.9228444
2029,893.2353786,764.4169018,1029.427765,838.0242605,1804.781118,1124.698059,937.9569645,785.741758,1264.05772,1044.661808,297.3305122,2307.878847,1633.426737,1248.948118,1250.749495,1350.435256
2030,1413.482079,761.5686311,1293.968407,656.8578581,2034.840583,1404.517319,974.4442133,960.3785778,1274.694615,1237.196696,595.7968302,2082.351686,1651.073609,937.7265286,867.047858,1086.741124
2031,1587.483217,823.8459377,1519.93847,655.7706431,2016.46867,1214.451476,1011.485077,868.5612013,1241.749655,1109.315802,484.4703937,2190.644776,1435.714958,1047.318988,792.3230578,755.1980286
2032,1442.30591,771.9666063,1533.123818,873.2094384,1799.007404,1329.660179,1123.969073,784.0683456,1297.720298,1125.93827,427.9374558,1628.261512,1684.874347,1115.917044,802.0840536,792.6883673
2033,1228.771261,651.6960169,1148.214601,947.4616723,1181.920351,1255.740174,1123.428994,838.2817447,1083.629483,1194.486476,416.5237962,2140.567441,1552.760991,1337.686667,909.0805139,730.2166034
2034,1034.77175,974.2455431,1386.796268,621.7504252,1253.056909,1297.420918,936.0715443,917.7262315,1069.332503,1637.506541,353.1737641,2209.337822,1527.530527,793.9224961,652.1092446,804.8921871
2035,1341.493964,895.952763,1141.522501,848.6556464,2269.571876,1427.009095,878.5686771,1006.477646,1185.030422,1277.121432,222.0711351,2063.068003,1579.436354,906.7920502,1208.906511,675.7539136
2036,1567.111708,758.7135433,1369.195305,647.5830004,2212.717389,1349.280775,904.6647143,670.9713532,1146.215523,963.2405446,268.7573764,2681.476053,1614.292722,916.2636934,1233.135372,870.2008327
2037,1220.155394,851.405442,1697.138591,849.7235509,1626.813011,1439.842566,1163.697012,428.0264861,1243.460723,1403.087129,530.7838675,2268.417947,1367.978268,1182.64617,894.1455615,493.1925946
2038,1494.968233,705.0207879,1483.090056,684.7136128,2176.297758,1369.733149,883.0187083,716.6376714,941.1228152,1104.743029,354.7839418,2013.551233,1717.81388,955.6085173,1182.115257,789.8322018
2039,1068.847653,982.7618403,1280.37717,793.3027164,1593.269625,1250.797911,874.6897675,882.0078429,1315.731452,1365.219509,551.3836829,1977.530682,1340.119925,1271.107798,799.7539699,881.7451155
2040,854.9220717,687.7997992,1446.618743,799.4303595,1483.702442,1425.75975,903.4634392,889.8091093,1254.383149,1062.098034,344.3860511,1991.63251,1601.998297,1206.731884,1041.571707,927.5494118
2041,1497.407832,714.2719846,1356.715269,700.0678305,1837.015466,1260.850194,1074.515142,980.8659989,1244.475675,1150.233844,250.011085,1718.986039,1489.362443,1388.806303,892.5963084,552.5453557
2042,1284.75928,773.3106175,1147.576957,746.08033,1572.314054,1371.687629,1133.294002,582.6900929,970.3944966,1048.092037,451.0926984,2114.535199,1494.469032,1065.310584,1017.895646,482.6736463
2043,735.0484712,991.3054822,1333.195772,772.7428246,2220.046229,1411.740093,909.9749111,827.316203,1137.177746,972.7061074,548.5016319,1667.152119,1375.9508,1366.971748,1356.650618,683.5552723
2044,1034.632778,961.9977528,1076.853682,587.6701771,1909.485496,1287.227089,1011.04334,534.9455052,1119.663499,1154.743081,707.6246324,2307.378773,1514.4001,1080.00838,704.028496,1094.613107
2045,1255.262131,961.7452363,1375.802414,691.9000073,1708.87501,1227.518762,883.4053735,948.1001567,989.295356,1554.506174,365.86866,2100.28959,1514.824376,1399.464294,951.8129501,1006.146997
2046,1062.631741,872.2176357,1257.551431,632.6553735,1649.928981,1017.931503,728.2203952,716.0475685,956.0091419,1524.741072,682.1692105,2168.368838,1566.348901,1360.546651,812.4927415,781.5875422
2047,1095.589535,1005.501339,1432.361191,830.8536321,1870.892445,1058.843533,896.7429094,1001.232922,878.5005589,1174.953368,396.1165006,1716.001515,1647.287103,1058.353378,859.6339374,875.36491
2048,934.2708891,849.2540924,1541.129389,724.9300581,2010.24281,1441.825358,1200.464862,998.8031854,1463.291422,1184.693029,222.1962057,1947.433836,1489.159019,918.8074904,688.5515334,887.8091301
2049,1272.985791,781.4397295,1225.366729,536.5405997,1808.38936,1310.581924,915.3607571,749.0941435,1056.753001,1077.872308,302.6393209,1598.26739,1721.73042,1179.987115,1091.851185,744.5544768
2050,1246.287559,1026.681194,975.7050157,1118.769294,1523.971727,1213.560916,768.2270357,780.8607704,957.3200632,1572.616555,343.0773185,1887.726728,1582.741675,882.3835852,750.7088423,648.6708801
2051,761.5697363,767.6875519,1181.89165,718.7783872,1773.961785,1251.503679,763.8042899,621.5279563,1228.860599,949.5041773,276.4421327,2030.980988,1427.379002,939.2522763,597.6495158,798.09168
2052,1106.32151,726.6520145,1207.974127,621.6360303,1708.503082,1053.495062,907.8500732,814.4904822,1245.44334,1325.831275,362.2861653,1935.552002,1324.405431,1229.365276,1234.322724,1164.061018
2053,1035.167225,746.7023244,1427.661809,797.0746038,1483.278803,1192.926464,976.8940743,537.3127405,1172.615692,1119.089951,556.8609762,2145.575419,1569.655685,1085.866026,1325.162339,885.35248
2054,1480.160867,705.6703864,1055.432388,584.0864535,1500.145311,1169.770742,939.5767993,833.6572015,1022.345015,1403.909001,450.5937816,1685.779073,1591.706233,885.9878286,963.0560002,610.531975
2055,886.5649218,826.8987657,1795.371995,741.2239894,1603.012276,1400.401747,1019.212906,605.5803616,1245.594686,978.4642322,453.1612524,1831.967714,1652.038193,1010.154407,1196.361804,871.805318
2056,852.383161,886.4510982,1321.814715,884.0784268,1862.313786,1235.018414,781.0859116,755.0468597,1128.043625,1045.644347,325.3349525,2155.941765,1449.388106,1150.234068,827.3842953,780.0590276
2057,1290.7724,871.9857561,1389.623783,717.1639411,1447.746592,1025.190319,913.4104466,766.3931586,1105.506455,1317.780941,403.9492423,2476.210035,1389.486676,1216.338508,662.7149205,928.1802135
2058,1281.78358,757.9604923,1051.685056,925.5357814,1263.751786,1050.204799,831.9053417,759.4597759,1061.702756,909.6057322,235.1753665,1892.510798,1676.961247,902.4641126,915.3229379,631.21159
2059,1286.806383,788.0462179,1377.655375,947.4788314,1229.631008,1089.316329,750.5922819,868.4743019,1135.793319,1528.203649,217.5601389,1706.886489,1391.832316,1045.253843,1054.833493,711.5118524
2060,1312.839533,672.4291597,1295.339049,710.0851502,1327.318803,1532.809762,1011.914082,537.1058509,906.6286646,1136.20558,343.8938966,1980.376181,1444.976487,1317.046022,743.2254298,853.8036756
2061,1049.880058,1018.799062,1307.358866,966.7738877,2124.197558,1024.629588,783.3135797,880.2705909,1581.24769,1093.932505,526.8403047,2344.038121,1602.175181,1194.763175,1346.97139,822.9690816
2062,941.7049396,625.5462043,1308.035332,770.4762043,2031.026108,1265.660096,569.6006711,956.0346661,1277.14249,1058.503233,319.9518204,1912.13182,1707.257256,1316.427496,812.3009605,564.2095329
2063,1654.224038,787.3989513,975.273662,937.1660251,1560.667585,1173.812085,848.9652682,969.3366313,1010.375574,1245.573591,207.7865569,1957.855847,1669.470766,1630.076471,1097.582018,715.8248762
2064,1376.126505,836.8904009,1212.185871,706.6918666,1872.542317,1326.085065,694.6131471,720.3783189,1074.10592,1184.665487,288.9375469,1529.019863,1546.796097,1448.853433,715.2950592,712.4152545
2065,906.7017325,648.7266054,1480.158004,990.9748481,1815.748653,1342.059439,914.0503665,740.9346408,1192.889431,1151.394666,502.4062801,1841.722379,1614.557735,867.879341,665.1163114,547.2119212
2066,1254.388431,851.52978,1295.271736,739.2481327,2280.601745,1246.096747,968.6225284,775.5056005,1165.418299,1086.472722,333.6714769,1904.583409,1553.141559,846.2872974,1090.818907,546.9751984
2067,927.7266839,900.3478867,1518.399282,659.4557814,1950.072713,1536.269284,792.5231434,645.180986,1210.372414,930.5097225,260.9262175,1986.186976,1704.450983,1294.654864,615.0693822,1190.127749
2068,1217.607311,919.4259435,1323.179717,696.1340478,1766.344763,1099.575597,882.5071534,599.2682862,1095.380166,1307.133056,379.0912423,2277.245104,1546.902618,768.301824,1061.508413,824.0704392
2069,1519.819914,936.1180796,1496.702837,953.9199396,1466.579197,1135.331431,810.2195353,886.8282118,1253.950812,1347.267296,253.2747679,2242.435625,1596.210537,1092.81267,1011.447929,865.6545223
2070,1122.063989,736.1559924,1193.277337,902.5505174,2236.742687,1286.290513,738.2616934,510.6329232,1167.743715,1276.092847,372.097815,1830.76659,1744.525337,830.8647825,1345.127928,873.5533513
2071,840.0464819,1016.168609,1418.361737,909.1115612,1457.261003,1443.838459,1030.736812,544.0046448,1137.919941,1208.619596,437.8712217,2108.455711,1533.41493,938.0440312,432.0450883,735.7565052
2072,1434.270028,791.0764493,1252.401307,604.173061,1604.416913,978.9214844,963.217354,612.4370722,1345.517337,1050.385881,389.7831316,1375.205977,1613.518604,965.1398518,788.3930889,674.4265373
2073,1165.393767,740.3013429,1610.872305,659.7722765,1804.425085,1305.313736,769.5723643,1078.915903,1107.24916,1063.434792,250.2819143,1917.249421,1463.871167,966.2894001,1085.003836,857.2974474
2074,1156.926837,700.4984363,1398.649166,693.0365875,1794.450359,1528.095884,611.5815896,1122.96923,1301.301736,1405.830147,201.1000252,1970.867016,1451.289194,872.9988165,748.4252738,1125.159349
2075,1088.853881,855.2334262,1337.805337,933.9655246,1855.077088,1381.452432,831.141565,706.3151149,1213.034943,1529.293775,373.2696387,2091.894501,1669.665633,983.2748123,758.5763677,744.7385355
2076,1548.89871,783.581624,1170.23045,750.1921367,1808.665211,1275.630183,1017.589295,719.5441442,1217.876452,1437.212124,446.1921552,1770.626359,1431.614515,1042.775952,1011.072869,567.6942702
2077,1028.252479,850.6412942,1509.22542,619.5701177,1943.8311,1196.438292,785.9214305,641.6825192,1215.852351,1053.928578,187.1349353,1606.796644,1704.633029,1226.443845,1305.306519,885.2608739
2078,1062.621054,717.6120157,1400.625382,587.4026233,2148.590898,1266.774926,1064.574291,756.0857788,1150.877282,1242.368287,359.0148529,2097.861652,1582.589901,913.6007908,855.6028489,775.2732103
2079,1608.458113,632.0567914,1287.638358,583.1508752,1351.847538,1513.477735,662.278763,488.2183436,1112.972223,938.1371491,356.0661489,2044.940565,1751.135771,1060.949108,504.4715269,808.1778311
2080,1328.471042,1027.400731,1359.584086,618.9828205,1511.457179,1151.084662,797.4313046,702.1881475,1497.293762,1119.084494,427.543912,1980.276894,1616.987798,1000.941166,1017.805059,894.9713076
2081,1273.446322,687.0116219,1249.781489,742.2997772,1638.931163,1438.322167,989.364077,757.4789729,1342.225177,1370.880248,421.7643316,2136.598507,1541.18067,1656.452285,1044.442194,785.3571125
2082,1452.365367,796.846419,1110.58681,654.7875307,1008.021251,1472.076447,674.631354,992.0752552,1129.123912,1015.697093,460.3980262,2146.595188,1497.897209,1635.666989,794.0486105,671.0061712
2083,1220.486269,843.48059,1191.841941,867.2447181,1657.475794,1359.477769,831.5524468,518.9143317,809.9020429,967.4571872,582.1451156,2217.803749,1602.716154,1213.210296,989.8364789,914.4540208
2084,1156.87622,855.6830176,1282.526605,722.2222249,1134.680695,1240.542002,944.1298385,743.5563528,988.217819,1005.350834,343.7141812,2124.112603,1441.235896,1361.830548,1089.536295,632.4435625
2085,1036.233184,935.3288835,1128.009573,670.0752641,1513.486712,1520.693553,1019.112427,841.0095751,1160.245477,979.1975462,406.1668437,1759.791721,1440.21168,967.8098046,1293.716576,942.7348116
2086,1246.406042,1003.133551,1277.487275,701.668953,1394.705482,1170.157216,1135.811992,961.1239884,944.1597681,2019.140936,472.7647838,2052.814606,1813.638673,1266.010471,1197.183612,754.1526575
2087,1191.568522,512.7618581,1168.779807,878.5770835,1740.236347,1148.169858,765.6213876,809.7198742,1252.841369,1174.608273,349.8164008,1878.474551,1466.058591,1275.688204,1542.656821,899.8090325
2088,1518.482368,1027.1069,1760.123026,749.1065602,1148.465834,1304.190978,802.0374016,785.1634703,1050.931704,1055.333696,358.0376186,1938.750678,1636.873421,1236.256597,1052.331529,612.7044843
2089,1184.856971,898.6510168,1427.509774,696.3015149,1111.985828,1465.081955,835.7736018,512.3190595,1141.90114,1227.375606,340.4414316,1973.974054,1506.600071,917.8743999,894.9457562,986.7209536
2090,1333.856617,749.9360679,892.8208459,691.3184518,2017.903841,1288.085191,978.4178266,1018.094373,1259.47632,845.0276946,494.2446824,1941.06489,1590.991866,1179.37065,892.6227369,815.7796622
2091,827.6009875,823.4497283,1557.536708,824.2937732,1402.427004,1262.748861,683.3252202,894.2323606,1071.565687,932.9125374,374.2077981,2004.611936,1389.087552,1175.891057,923.203466,683.5805186
2092,1219.570605,1019.169799,1511.088135,638.9624936,1247.673192,1459.024991,813.8030058,786.75225,1050.153287,681.2697728,427.6146531,1709.33278,1600.245837,839.0061572,1624.954477,952.601369
2093,1104.728743,863.6032451,1290.980617,616.2019863,1981.351521,1181.328513,1229.326075,776.6218498,952.9627722,1359.098985,611.4389739,1686.720188,1609.286772,1123.243388,748.0214642,881.9163557
2094,1321.959179,765.3940191,1686.536841,938.7234627,1440.536869,1391.614256,950.916768,773.35075,1255.260008,1838.592497,355.7906881,1992.895684,1816.385932,921.9935552,751.0670174,951.0255992
2095,1337.186273,1079.338546,1155.109792,632.664949,1986.658716,1371.492769,851.1700208,661.4170359,1047.170597,1039.340776,395.1746901,1768.697239,1453.819905,1103.172096,811.0997795,804.5471253
2096,1125.480947,809.0240527,1545.023738,983.5657303,2025.859098,1293.104115,791.2767978,1113.298672,815.4232305,1175.509557,441.1836118,2073.489477,1361.171486,1597.053001,1195.393164,651.4691009
2097,1357.676741,968.4443801,1175.705825,659.7151388,1301.600995,1298.132356,1006.225205,747.6484118,1231.632829,1376.233995,480.4581821,1968.203468,1850.304072,1091.526435,1143.723864,656.3295845
2098,1619.805365,907.7710924,1160.127368,868.2563254,1811.93962,1459.06871,929.9081497,604.6862481,1153.935335,1495.296771,336.4915903,2221.153247,1510.098796,994.5066623,699.7301371,892.0621655
2099,1424.721065,663.9575937,1239.685124,732.9906976,1463.448727,1335.180926,867.9339935,905.8487187,1205.398373,990.3051406,323.0572337,1836.967678,1280.998621,1272.143278,940.5105348,804.2170112
