years,1,2,3,4,5,6,7,8,9,10,11,12,13,14,15,16
1850,0.564700806,-0.95497337,0.805074719,0.883521523,0.408721145,1.033044718,0.323265072,0.907076644,-1.747807314,-0.615322798,-0.416120891,0.927180713,0.44821603,-0.395734933,0.320778101,2.340198262
1851,0.492327724,0.205288782,0.979916611,-0.226115215,-0.435929314,0.719702086,0.067074569,1.834414124,-0.523526518,-0.386418573,0.550705941,-1.051016989,0.514670816,-1.398233619,0.459281197,2.66443258
1852,0.946445446,0.916011274,0.385936353,0.229261744,-0.508717519,1.305072828,0.434112474,-0.576241821,0.784074139,-0.484144404,-0.250586972,-0.946392483,-0.623163252,0.314185951,0.433214661,-0.460534766
1853,0.584739728,1.301670259,-0.398833074,-0.664563483,1.070097918,0.143495345,-1.839704138,-1.274652157,-0.09133533,-3.159363252,0.547586569,0.614312985,-0.751967107,-0.751418609,-0.471727766,1.558305617
1854,0.652208611,0.669317706,0.752729431,0.84512763,-1.750146984,-2.176521706,0.454248082,-0.516034536,0.149882166,-0.601624809,-0.875746973,-0.746137939,-1.263021403,-0.477946339,0.507692276,0.146323271
1855,1.685406689,0.961730647,-0.098800655,-0.194645044,-1.326305957,0.719488022,0.447741396,-0.533527208,0.219831069,-1.760194687,-0.086676143,0.35339592,0.490665651,0.526932274,-1.232357771,-0.809098359
1856,-0.265817393,-1.095334224,-2.614182016,0.813714042,0.305170977,0.015186922,0.884230484,0.574469066,1.006708145,-0.629640225,-1.004812423,-0.182016003,-1.177997998,-1.747269659,1.170475469,0.14281169
1857,0.052513427,-0.749016999,0.416120733,-0.305853086,0.63191777,-1.247307435,-1.515599448,0.039207548,0.053605598,0.581711177,-0.293018873,0.711360587,-0.724735346,-0.035999514,-1.067591786,0.956263102
1858,-0.131086862,-0.610790085,0.085045993,-0.258841966,2.442921565,0.746705743,0.194163036,-0.256946949,-0.468518515,-1.059930045,1.063979995,1.09266845,0.112765323,-1.479502568,0.169020675,0.053065466
1859,-0.41148113,-1.274243644,0.787418988,0.405866811,-0.667706211,2.014997027,0.377745786,0.33220357,-0.479305148,1.280011202,-1.286485576,-2.626091055,0.517038919,0.222127086,1.221662284,-1.348089214
1860,0.814928024,-0.532838236,2.008902293,0.883073906,0.756753696,0.77062792,0.030496219,-0.246755834,1.450620195,0.296116704,0.533616909,-0.082660089,-0.159241551,-0.630977341,-0.249695436,0.898277162
1861,-1.611857223,1.315116604,-0.168331477,1.275926972,-0.975550474,2.364261841,-0.18543294,0.540749712,-1.109300235,0.928395342,-0.984063213,-0.424642914,1.218936257,-0.444999912,-0.467356951,-1.241212799
1862,1.049167975,-0.421031323,1.559030012,-1.477663399,-0.772454634,-0.479456622,-1.136763546,-0.471920596,-0.013698414,1.01123437,0.940947859,1.142862495,0.194598665,-0.711060104,0.528598749,0.630706882
1863,0.216551399,-0.806069281,1.051784624,0.902393771,1.277169931,-0.092250247,0.17390656,-0.882397682,-0.560851488,-0.416398043,-1.230645441,2.356779682,-0.456534554,-0.216218328,0.943183215,0.114472822
1864,-0.766395479,-0.706858997,-1.033705709,-0.45356404,-0.048742816,1.869078878,0.22650728,1.42195046,-0.912367406,-0.959038877,-0.545282937,-0.013547196,0.9175392,0.709128444,-0.228827628,0.761389724
1865,-0.430256453,-0.946927297,-0.544762082,0.226499554,1.813164365,0.590641017,-0.734624806,-0.256917483,-1.214081343,-2.094964876,1.925678387,-1.093687426,0.141192705,-0.194221046,0.347577382,-1.335388654
1866,0.526489614,-1.28130706,-1.018753606,-1.780948109,0.139640844,0.490425073,-1.614689278,-0.240752309,-1.06035003,0.349472285,0.950289428,-0.078762106,-1.218832259,-0.351722876,-0.143727179,-0.851303898
1867,-1.839006167,0.013624358,0.606722035,-1.225970949,-0.75456768,-0.205181256,0.386707895,0.605938587,1.00242701,0.845470006,1.19851387,0.450343806,1.930980336,0.612305567,-0.077915333,-1.601666035
1868,-0.241841314,-0.50921374,-0.007399375,-1.197376109,-1.351557185,0.531908507,1.027583125,0.274854761,-0.106719843,0.990042777,1.607927109,-0.729401666,2.307080028,0.325580454,-1.573737412,0.007361616
1869,0.607334504,-0.170612392,-0.22722235,-1.843317905,-0.235433872,-0.561975565,0.329472504,-0.649294833,-0.324606568,0.091682017,2.158821959,-0.491439058,-0.274359415,1.723625712,-0.798960319,0.758248992
1870,-0.23343423,0.811720241,-0.686491332,-0.402347325,-0.18880479,-0.848083739,1.845014338,1.342402678,0.783076675,-0.932403241,-0.414863362,-1.500930732,-1.841313471,-0.625033905,1.770107542,-0.59960764
1871,0.910246024,1.267838476,-2.24870759,-0.321206951,-0.567805049,1.158009836,2.340582138,-1.221110112,-0.158488716,0.048824957,-1.178522692,-0.22306805,0.711712697,-1.254843967,0.70398575,-0.424575705
1872,-0.117137106,-0.827839678,0.67190436,-0.582049896,1.159210516,0.827936451,-0.092617724,-0.479431404,-1.177466638,0.545208099,-0.887971027,-0.082870883,-0.548475475,0.595772939,-0.800501993,-0.427003969
1873,-0.538899059,-0.291750506,0.924850258,0.247934679,0.71866363,0.019678521,-1.693576666,1.714364382,-0.508379576,1.384945213,-0.675241031,0.631181319,0.431500928,-1.18830464,0.52505457,-1.453233398
1874,-0.743557138,-0.898297673,2.583039363,1.099189974,1.163664695,-0.53860183,-0.69637115,-0.022298654,0.263419332,-0.345079892,0.097773049,0.273161092,-2.244914536,-0.631265082,-0.814525357,-0.132561946
1875,-0.909561207,-0.154617194,-0.577638385,-1.016382771,0.52600162,-1.080249516,-0.555016426,0.098841317,0.003458804,1.669723978,-1.104459491,1.995219595,-0.832937885,-0.275683666,1.020387447,-1.431457169
1876,1.425102039,-0.581214247,-0.795892934,-1.374799826,1.177360054,-2.674594816,2.375388823,-0.714063694,0.370770952,1.189999941,-0.847852389,0.656840727,0.867257396,0.614854425,1.844870881,-0.090397104
1877,-0.530429509,2.087595054,-1.1974053,-0.165984088,0.266950978,-2.042736672,1.681736365,-0.390609658,0.794215826,0.400818319,-0.485751594,0.686210387,0.915919567,0.954833474,-1.463582909,0.959120914
1878,-1.293640631,-2.790042682,-1.07773768,-0.016755469,0.010731491,-1.788602575,-0.311599587,0.771039541,-0.829001416,-1.100776848,0.367058327,0.822565273,-0.473982924,1.2579772,-0.80845766,0.603992269
1879,-0.956227186,-0.799192139,-0.47591099,0.617507621,-1.39879805,0.069549109,-0.092705656,0.770563431,0.898867896,-0.15627044,0.319839524,0.801063474,-1.479364502,0.424945505,-0.686173407,-0.124930214
1880,0.217801098,-0.058173418,-0.418772129,0.453512188,-0.848524686,-0.637121532,-0.180510315,-0.488691501,0.823585758,0.729436713,-1.81950189,-0.127611313,-0.72258046,2.174200073,1.512268272,-1.554124955
1881,0.333145527,-1.619952287,1.256165244,-0.475529315,-0.218379068,-0.888644528,1.134370138,-0.764509294,-0.228045377,0.91100859,1.631312103,1.230635807,-0.684905031,-2.072754201,0.521366445,-1.121120838
1882,-0.796658409,2.733705203,-0.738086955,0.377498877,0.121972991,0.900156976,1.634591446,-0.543901146,1.793363992,0.491362049,0.018829567,0.506130534,1.397774787,-0.581841365,-0.234277383,0.478986852
1883,-1.410214245,2.242148073,1.803457698,-1.003039401,1.64576051,-0.658580476,0.618742219,0.562554198,-0.246977749,1.589107968,-0.692979274,-1.910965177,-0.283433446,0.85920296,2.189490402,0.548582393
1884,-0.391995617,0.499055643,0.32479322,0.045262719,-1.267828516,0.535307736,0.371326775,0.417987913,-0.555252018,1.889560399,-0.558239989,0.750095461,0.756562652,1.135327725,-0.134207907,-0.190287655
1885,-1.09276383,1.089461335,-0.478748884,0.743688833,-0.796097714,-1.663522237,0.63177172,0.200882705,-1.110823696,1.017154557,0.9684512,0.355097936,-0.889832809,0.828815986,-1.088402518,0.146735462
1886,-0.478478789,-0.2130783,-0.757521777,-0.349667862,0.816016005,-0.405716504,-0.55919648,-0.821573519,-1.249056871,0.5290957,-0.255687419,0.088982738,-0.781815739,0.271015811,-2.905759327,0.403087699
1887,0.482654095,0.266326278,-0.561528757,-0.078517581,-0.349642956,0.64412895,-0.317544574,-1.510592571,0.776853262,0.094500067,1.470199367,0.985994784,1.336290559,0.668381916,-0.28952314,0.614808846
1888,1.312791839,0.77080567,-1.946244891,-1.063741117,1.031019413,0.56732358,-1.183018423,0.864628114,-0.08511654,-0.419334477,0.058075022,1.062950252,0.483218075,0.132783387,-0.686975008,1.474061445
1889,1.247468408,1.130831555,0.053740191,0.189635973,-1.083275072,0.012711038,0.362196464,0.815283001,0.015835962,1.090379825,-0.841162627,-0.898515038,-1.745916181,0.85153812,0.870819726,1.00779294
1890,-0.650304191,-0.023664853,-0.479970506,0.374301742,-0.101301936,0.371031961,0.730887195,1.077092733,-1.035191288,-0.019621422,-0.86685354,-0.427388434,-0.44974219,-0.556037299,-1.17212662,0.077487756
1891,-0.167479912,-0.966263401,-1.101519683,-0.864610714,-1.050454966,-0.885961298,0.250508903,0.023743669,-0.918848286,0.631909825,-0.421248553,0.3818755,-0.478837501,-0.197827019,-2.077029286,-1.102134576
1892,3.391455371,-0.379725244,1.028136573,2.087095558,0.575437514,0.46034526,1.518269579,-1.711952393,0.82384602,0.184582726,-1.419168467,-1.243310425,-0.00743397,0.298846717,-0.837457033,-0.424005263
1893,0.575841011,1.272941795,0.496783269,0.405509504,-0.31443269,0.262762319,-1.123105857,-0.636753743,1.984826943,-0.35841208,-1.525833654,0.092460505,0.306391204,-0.746978009,0.454045548,-1.361921977
1894,-0.792105957,0.385479242,-1.392907019,-1.895760866,0.740414416,-0.205265906,1.858709771,1.296545992,2.335849906,-1.029452635,-0.632137402,0.307540143,-1.159106618,-1.844207804,-0.641351409,-0.855558724
1895,-0.466824891,0.62096178,0.018579554,-1.487772658,1.257776406,-0.362164116,-0.437874374,-0.629094618,0.711890107,1.360379184,-1.483861676,-2.327368028,0.730166591,-1.02538796,-0.54970985,-1.101686788
1896,-0.242504984,0.299820722,-1.166570999,-0.76157037,1.447084828,-1.306633917,-0.898463556,-0.269420596,0.771404577,-0.656904014,-1.326722772,-0.243065375,0.512816628,1.959041966,-0.306450231,0.031071767
1897,0.345971932,0.473859512,-0.103582238,0.608354794,0.270861894,-0.083292503,0.272458828,-0.357855996,-0.347404021,1.246132442,0.261003506,-0.566586093,-0.081840346,0.132932532,-0.667687368,-0.802341976
1898,-0.886855082,1.922994575,2.96768006,0.626905731,0.009589775,-0.118770787,0.107940199,0.040960133,-0.652989668,-0.016449219,0.315535705,-0.391283614,-0.766765613,-0.501695676,0.333900307,0.877479767
1899,0.742353111,-1.902588996,0.168068555,-0.299147017,0.874509883,1.644061886,0.261930122,-1.545779977,1.231053452,0.049591911,0.633691288,2.325096287,1.029257882,1.648311462,0.159625936,0.073298531
1900,-0.060254678,-0.739896667,1.081200741,1.68285236,0.404871321,1.622080833,0.282037822,-1.594800794,-0.796855321,-0.263015001,-0.511034291,-1.522659171,0.660633803,0.337896453,0.59122693,-1.362551795
1901,1.329873683,-1.37784683,-1.032831807,-1.366397691,0.668221035,1.938982304,-0.293372626,-1.111765963,-0.582687121,0.095739706,0.2335437,-0.518172063,1.209169309,-0.996107216,-0.180798791,-1.762095696
1902,-0.197560854,-1.410563824,1.390391228,0.509882124,-0.250583774,0.81080466,-0.479552209,-0.592851812,-0.088118295,0.778812928,-0.263111921,-0.332857623,0.143795218,-0.649311454,-0.076924393,0.041685474
1903,-1.059479206,1.664877006,-0.664430977,0.0874172,-0.264879971,-0.339640449,-0.979712403,-0.309528042,0.9120323,1.963097705,1.243640117,0.184413223,1.592105918,1.396166849,-1.100420482,1.618816203
1904,2.426247401,0.042783511,0.135299247,0.059699966,-0.826790713,-0.305611985,-1.845606595,-1.301651465,-2.454601174,-0.399200062,2.888240358,0.107286799,0.994454795,1.282369965,-0.636699477,-1.504086272
1905,-1.211065776,0.731550574,-0.722601957,0.326018997,-0.999639998,0.186164234,1.147817629,0.334160867,2.836953828,0.667244441,1.436818353,0.814376939,0.328445348,-0.595248379,-0.233041256,-0.894690189
1906,0.930597476,-1.736479412,-0.367572327,1.025428638,2.112640533,-0.508362215,-1.455731959,-1.373916266,-0.479491548,-1.269597077,-0.362510188,-0.268315484,0.117139051,-0.292337391,-0.986674929,-1.823752324
1907,0.319913653,-0.554787273,-0.072868939,-1.775710938,0.476816626,-1.734276501,0.669031323,-0.609852573,0.398451042,-1.460612917,-0.690648851,0.06080431,-3.307802723,0.631639638,0.149369268,-0.264271472
1908,0.152896984,0.680480712,2.039457871,-0.197338169,-1.229149318,-0.870335715,1.424807897,3.374896657,0.36470603,0.688221461,-0.128516766,-3.02545164,0.706742706,-0.423543984,-0.32446376,-0.327599472
1909,1.225094313,-0.383593088,0.066477419,1.608733795,-1.220277629,-0.098775533,0.156517864,0.544705336,-0.207749213,0.69490533,-0.257127624,0.061822513,2.008391485,0.697027053,-0.625109914,-0.291095997
1910,-0.054640339,-0.018410499,-0.124194811,-0.706450763,-0.622295674,-0.46863289,-0.109926539,0.022862571,-0.926994463,1.560732234,0.096147246,0.3365359,-0.389923091,-0.273243378,0.221383939,1.401010101
1911,-0.812573135,-1.991369871,-1.08464213,0.241085971,2.020036731,-0.353423831,0.358413455,0.018042502,0.437032011,-0.778416318,0.138090483,0.36818669,-0.302952373,0.265819564,0.739745545,-0.190151023
1912,-2.178407633,0.202438626,0.246686468,-0.335277575,0.624768091,-0.29256007,1.832828665,1.534288427,0.063555537,-0.019999568,-0.499446536,0.621312269,-0.347301032,2.013537571,-0.332538468,-0.769861616
1913,1.196085144,-0.720930152,1.360697106,0.380241231,-1.537137312,-0.88492173,0.166385713,0.353943585,-0.257128141,-0.622093493,-1.050886057,0.258238238,1.164187748,-1.519417449,-1.986107722,0.351279654
1914,-1.445663626,0.951310689,-0.85532484,-0.871894174,-1.924650884,-0.985927669,1.339321228,2.281316822,-0.059111651,0.932453685,-0.341575143,-0.638035948,0.878427192,1.105288381,0.640162389,0.665358124
1915,-2.542144843,0.225042015,0.570328287,0.853890593,-2.172919279,1.375189408,-0.117884354,-0.737609787,-1.449392966,1.041856289,-0.351643618,-0.006693279,0.707152343,-0.724352412,2.328870986,0.916940811
1916,-0.741417319,-0.79864842,0.975224211,0.459878097,0.202157213,1.009298623,-1.899989312,-0.064293286,0.462480457,1.401602505,1.455986064,-0.292094401,-0.172435361,0.616578637,1.352760371,1.465219003
1917,0.168731644,0.567631679,-0.738864904,-1.494918313,0.496665364,-1.044792131,-1.204013696,0.58521096,-0.452520314,0.868421858,2.6725656,-0.544508449,-0.522138836,-0.299351137,-0.256882866,0.779771954
1918,-0.77964447,0.000229276,-0.531576465,-1.718020063,-2.029505843,-0.902435736,0.815203543,-0.041038619,0.63591992,-1.949904729,-0.550347439,-1.270136814,-1.769574327,1.008647243,-0.104581626,-1.264360949
1919,-0.253353753,1.074030589,0.939274237,-0.49504342,0.180134026,-0.039402834,-1.559187019,-1.214460302,0.06378083,-2.028002051,-0.307936323,-0.07361805,-1.212299093,0.779277042,0.36662844,0.802704323
1920,0.874680012,1.401243029,0.075841377,-2.047351253,-0.675546257,-0.940659916,2.036794784,0.84915686,-1.054503222,-0.462473881,1.029749191,0.124189409,-0.101188583,-1.01610275,1.212222612,-0.90934526
1921,2.283834256,-0.190495033,0.456932546,-0.466150381,-0.472362592,0.439900407,0.55873621,-1.055373119,0.724041723,0.396024492,-0.796857337,-0.838538678,-0.230447646,0.887676794,0.370913399,0.256699034
1922,0.34549692,-0.54715262,1.315865534,0.426746538,0.968582982,0.942770948,1.040493075,0.678083956,0.456012539,0.177506782,0.616691163,0.477857209,-0.539927095,2.02520513,2.627509077,0.974840115
1923,-0.202032238,0.438662813,-0.324833512,2.621010721,0.80548224,1.643101789,0.668096078,1.864360738,-0.387202471,0.313298196,-0.54100042,0.095820245,-0.793333708,-1.111721927,0.509666213,-1.515413913
1924,1.069838639,-0.113057274,1.747749134,-2.058585977,-0.585607718,0.133349651,-0.596785444,-0.69958988,0.644835721,-1.300236124,-0.97006802,0.442293457,-0.299113079,0.299123091,-0.078896011,0.532077565
1925,-0.132556909,1.724854555,0.102531946,-0.198819197,-1.041135246,-1.039839874,-1.181531271,-0.19229906,1.282071879,-0.645041764,-0.295601328,-0.004091262,1.356722863,-0.17977671,0.857204571,-0.267948573
1926,0.756530255,-0.6422247,-0.260330591,-0.028621124,-1.292513533,-0.660342558,0.475426898,-0.977669934,0.284463128,0.205275847,1.087820727,0.142585991,-0.386372111,-2.161824962,-0.488678184,0.464046014
1927,0.08603811,-0.560918567,-0.575195966,1.012651506,0.545207503,-1.14023775,-1.372312356,1.042956358,0.240902723,0.177825881,0.809794468,-1.193624762,0.059905832,0.768296634,-0.041559355,0.933569118
1928,0.244662538,0.09667896,-1.081755677,0.504117568,-1.782864175,-0.243709953,-0.479655241,-0.335516284,0.928732322,1.055794218,-1.17850384,-1.124240842,0.316659211,0.628261759,-0.458065748,1.296582025
1929,-0.912406395,-0.705888546,-0.231623786,-1.388669119,-1.444064657,0.731120051,-1.323215036,2.793884387,-0.395183022,-2.040130559,0.434710181,1.063659716,-0.717507487,-0.879817185,1.11963371,-0.154046653
1930,0.110697614,0.303989552,1.297252245,1.735803074,0.367545249,-1.107331856,-1.534112708,-0.245652435,2.846214465,1.265163572,0.132861283,2.01048554,-0.337283107,-1.729603086,-0.175593185,1.454156987
1931,1.538594776,0.217446237,-0.697200233,-0.093423577,-0.191637694,-0.8913952,-0.952560299,-0.625775793,0.674536144,-1.633679417,0.70415249,-1.054952363,2.049464235,-0.804983073,-0.388600959,0.333304485
1932,0.272211681,-1.133474607,-1.016457303,0.697398534,-0.594950239,-1.709203016,0.122959317,0.162984753,1.888674168,-0.435558722,-0.942924031,-0.582695753,0.814611114,-1.530922044,2.797051181,1.991673061
1933,0.266678835,-0.231420651,-0.329674888,1.238356221,-0.298785882,-0.129919469,1.429086716,0.567413507,-1.001623926,-1.078339156,-1.712082081,-0.611349944,0.429319353,-2.014462938,-0.539652005,0.928067339
1934,-1.223220657,-0.605146171,-0.663517226,-0.181113172,0.320467463,-0.129091445,-0.896758679,-0.840704456,-1.075228664,-0.245071433,-0.973098642,0.109590054,-1.11118026,-0.11864654,-0.969846267,1.874449619
1935,0.30522009,-0.625969685,1.272072707,0.505684256,2.331244421,-0.166707783,-0.624382182,-1.191766263,0.475965128,0.139770498,-0.723063862,-0.698166155,-0.945132156,0.289070908,0.078691874,1.29109934
1936,-0.595510988,-0.885953449,-0.06693126,0.259768237,1.158960184,0.587141026,-0.185853348,-1.367077172,1.514472053,0.221235087,-0.221891479,2.541697457,-0.812308368,1.531823677,0.177294276,-1.319945227
1937,1.211104636,-0.094379142,1.002272524,-0.357959674,0.603909354,1.879127958,-0.809308512,-1.487407041,-0.011072793,-0.097722489,-0.26832675,0.386554298,0.064913839,0.580263366,0.28424705,-0.431181332
1938,-0.12150547,1.914067138,-0.40644596,1.349629047,1.181251406,0.794205806,-0.782418329,-0.648083767,-1.322165595,1.603136317,2.184965357,0.588248486,0.823740097,-0.332075287,-0.524720626,-1.046834364
1939,1.09739902,0.761281362,-1.21502609,-0.50330163,-0.351320208,-0.733540745,-0.116340851,-0.574463076,-0.136613251,-0.31899542,0.445455751,0.741039517,0.439875967,0.006924478,0.555190473,-0.301296508
1940,0.561760921,0.072350713,-0.6482136,0.972686948,0.464619459,0.907866075,-0.735739211,0.684629085,-0.312492607,0.024379386,0.02982738,0.527164013,0.813323995,0.153110348,0.366963961,-0.740952579
1941,-1.308371395,-0.475295528,-0.61648666,1.755704072,0.533943571,0.074337607,-0.84619467,1.155013702,-0.397557771,-0.406535111,-0.081609281,-1.097999277,0.484441264,-1.549193551,-0.352585193,-0.570528709
1942,0.045905468,-0.041310542,-0.081323243,0.181939533,-0.404659389,1.097780424,-1.089617591,-0.097741741,-0.88958724,-0.48979318,0.221739251,-0.334278587,-0.485724208,0.243753792,-1.123844848,0.639300635
1943,-0.950894543,-0.619642316,-1.033241105,-0.116516478,-0.232774996,0.565102982,0.490412201,-0.657598623,-2.054517111,-0.143452112,-0.829944891,-0.002780269,-0.617712476,0.495285579,-1.17793139,1.297002394
1944,-0.673349825,0.617388926,0.286431662,-0.247108067,-0.014180553,-0.457877635,0.190657252,-0.775022497,-2.36019329,-0.236963601,0.65134282,0.054405892,-0.112446823,-0.662219437,-1.516712399,-0.58296067
1945,1.35756368,-0.081810966,-1.45635646,2.462054929,0.175631495,-0.186620835,-0.565780334,-0.077602537,-0.282387089,-0.521670504,2.036849502,-0.708724227,-0.034818033,0.119452869,-0.03322761,0.188708642
1946,-0.283231521,0.644691576,0.14101944,-0.829873073,0.677518138,0.067777708,1.096180373,1.703527907,-0.874315655,-0.223141223,-0.655507966,-1.575429532,-1.728362043,0.667580553,0.379129188,-0.059938265
1947,-1.362507648,-0.776307852,0.237892039,0.619489564,0.830396542,-0.536358232,-0.721209399,0.639312941,0.283643995,-1.640470418,-0.045354364,2.163911856,1.333393503,1.511653927,-0.028515435,-0.909072014
1948,-1.228146458,1.493476542,0.707962072,1.344528037,-0.478354258,0.765817209,-0.297039685,1.795326911,1.17664361,-0.799628085,1.533698782,1.324309657,-0.356411611,-0.824902398,2.282249923,-0.71392926
1949,-0.628548476,0.543780091,0.032010934,0.001804456,-0.858609848,1.493612087,0.569319254,-0.699640241,-0.620785414,-0.988867492,0.257590392,-0.480623472,1.98717813,1.441931148,-0.796753325,-0.004572099
1950,-1.133424095,0.740758504,1.035157676,0.570198919,-1.569978857,0.846068096,-0.329240778,0.187599283,-1.07199382,2.604489805,1.138249243,1.666874987,-1.587557341,-1.15877179,-0.050248825,-0.06612928
1951,1.073891807,0.723995355,1.540013496,0.372526421,-0.499285883,-0.802189343,-1.490105007,0.341737919,1.125468073,1.235951074,1.829247168,-0.739485715,2.083620054,0.511207998,-0.547526967,-0.480644407
1952,0.278902578,1.211096474,0.54346294,2.4000058,0.606201016,-1.179927879,0.995439997,0.571118638,1.187378479,-0.797116627,-0.169540259,-0.049682646,0.061438418,0.831574853,-0.732561144,-0.059134872
1953,0.377248583,2.535726166,-0.105582228,3.057866557,0.206874424,0.865921154,0.710926166,0.273110532,-2.277119258,0.717234847,-0.578277936,1.448085708,0.620034906,0.525121341,0.759724715,-0.106993548
1954,0.739042188,0.265716353,-1.735097344,-1.423417868,-0.202102507,0.549829384,-0.577068401,-0.335757411,-0.714342892,1.680269492,-2.010769604,-0.624074987,-0.889414008,-0.40442821,-0.313626402,-0.466061752
1955,-0.0776055,-0.09703613,0.040825942,1.724035094,-1.402473592,1.588930745,-1.430420419,-0.172390435,0.226438541,-1.188490449,1.232873993,-1.832986948,-0.672808157,1.380285833,-1.940137839,-0.269595078
1956,-1.376872112,0.280128714,0.77529343,-1.716584554,0.480653596,-1.763773637,0.665795859,-0.591790641,1.628568861,0.953624661,1.831759116,-0.473546629,2.859968893,1.060364513,0.623428221,1.791439775
1957,-1.1393662,-2.807036239,-1.313724034,-0.016522082,-1.308926738,0.56971461,-0.985975713,0.713294052,-3.299739861,0.441359178,-0.803323374,-1.386080899,0.626283644,0.426394527,0.094691022,-0.109299255
1958,-0.08155788,0.593270206,-1.193202117,0.879668232,0.381827492,-0.34773785,-0.932773955,0.209927289,1.935785315,1.45075432,-0.274031625,0.121211069,1.239565287,-1.442918296,-1.421266366,-0.260717705
1959,-1.319287137,-1.886321444,1.628155015,-0.518716171,-0.815331249,0.74090831,-2.704960185,2.226427668,-0.148828948,1.086899419,-0.105960636,0.028610123,0.141077465,-0.15021634,-1.535110313,-0.012339119
1960,-0.292104439,-0.724201942,-0.566909474,1.135496152,0.008763977,-0.008004047,0.2742677,0.053788405,-1.070290676,1.879062213,-0.759262151,-0.435111832,0.1304703,0.259883538,-1.015461703,0.601280385
1961,-0.344014155,0.59232771,0.495557718,-0.343521098,0.310647278,-0.913932892,-0.23647939,0.455827809,0.828879531,-0.468120823,0.225702514,-0.008760064,-0.700701031,0.106928858,-0.890228883,2.935533228
1962,-0.205787405,-0.349369761,0.076423532,-1.210799549,-0.976326362,-3.113564732,-0.940778481,0.914874957,0.802349029,-0.247716594,0.256001627,2.025620595,-1.61509375,0.470976453,-0.078377514,-0.543598256
1963,-0.989733286,-0.961804585,-0.427678732,0.607037164,1.296832617,-0.806283086,-1.187096963,-0.522745017,0.03076748,-0.918534084,-0.373031942,-1.277786497,-0.55479823,-1.430013805,0.721626442,0.85673518
1964,-0.244230835,-1.278344218,-0.485658322,-1.443172961,-1.015966432,0.553702135,0.186853364,-1.25260641,-1.448185475,-1.731976923,-0.431889854,-0.846818832,-0.1549312,0.388886399,-0.005194506,-0.680553482
1965,-0.141137573,0.765118675,0.637910746,-1.009867327,-1.907476654,-1.015765325,-0.367539458,-0.703130717,0.768649878,1.672018646,1.021213924,-0.356225937,-0.607180571,0.330092508,-1.202137114,-0.509719817
1966,0.55172571,-1.350230026,-0.395703239,0.59362718,-0.842283885,-2.249878327,-1.31782926,-0.812567246,-0.073667588,-0.495309771,0.771705559,-1.550684254,-0.648303018,-0.101053956,-0.491609673,-0.816799641
1967,-0.146232255,0.654148215,-0.262819946,0.655449718,-0.285550358,-1.003776538,1.412746641,-0.764228987,-1.102363625,0.180326963,-0.168413059,-1.271913761,0.010183877,1.003884517,-0.40241805,0.988155199
1968,0.269125839,0.740002017,-0.19492567,1.370752145,1.444344726,-0.727152535,0.041798568,-0.918514427,1.77408783,-0.77852168,0.442388647,0.946580014,-1.61348991,-0.30755727,-0.206624765,0.234704182
1969,0.432514875,-1.255477061,-1.725189233,-0.852054415,-0.587067276,-0.172526605,-0.745067507,0.942533509,-0.153191228,-1.215345454,0.515231576,-1.347971534,-2.432143571,-0.670345898,-0.166604064,1.35921384
1970,-0.419070225,-0.140770213,-1.016871734,1.53408218,-1.752456181,-0.163663491,0.259398738,1.97623558,-0.753395858,-2.311352722,1.367855379,-0.053432117,-1.264839664,-0.763057009,0.641744322,1.225511794
1971,-0.572361137,0.815599282,1.442602616,0.952466438,-0.425067383,-1.944160137,-0.758072006,-0.668574604,-1.284855593,1.734010795,-0.454046971,-0.647653847,-1.331680703,0.028933702,-1.377106771,0.692711347
1972,1.385535918,-2.835532684,0.92396313,-0.152717551,0.796603145,0.297157223,-0.233954296,-0.351338643,1.357029758,-0.841889865,0.117672441,-0.39402065,-0.114297002,1.210919773,-0.964541462,1.13479987
1973,0.000172716,-0.448873788,0.419833365,0.321099753,1.001852878,-2.080716622,0.557279127,-0.509051688,-1.112037823,0.164769702,1.011710478,0.974201807,-0.848372217,-0.678565456,-0.103027704,0.319747263
1974,0.911871489,-0.745611695,-1.19312652,-1.611044494,-0.008563309,-0.956934232,-0.720427529,0.571310361,-0.158620662,0.199065371,1.078543766,0.346438745,-0.533293696,1.669540012,-1.036005168,-0.199736049
1975,-1.395773589,-1.4213052,0.333994029,-0.682613197,0.162643111,-0.871002382,-1.790759798,-0.2715775,-1.083682251,0.00011045,1.615873975,0.613507158,-3.436830613,0.754135559,-0.538399999,-1.728289901
1976,0.619518433,-1.196277242,-0.3682626,0.496989234,1.259845614,0.499771413,-0.37364826,-0.620225117,1.75983612,-0.327774568,1.344135826,-0.570208847,1.396978503,1.508181245,1.677815708,-1.454420669
1977,-0.402487411,-1.41751705,0.775025657,-0.44479117,-1.425534512,-0.412350915,0.336703748,-0.069695475,0.360248614,0.491323444,1.414427,0.756447353,0.278451422,0.91998976,0.898705013,-0.784318947
1978,-0.874752707,1.2401183,0.165992039,-0.212239093,-2.105654138,-1.624855342,0.154471377,-0.264372611,1.400115361,-0.481422519,-0.095438773,-0.489180748,-0.151286167,-0.2090172,-1.340726105,-0.919575111
1979,-0.151312117,-1.942161969,0.481350568,-0.658072019,-0.460559387,-0.074908761,1.720999648,1.202582136,0.051644063,1.304431842,2.764703353,-0.327394263,0.192515742,-0.488820617,-0.735127804,1.222029793
1980,0.68468234,-0.455746654,0.142132784,0.973235017,-0.296737908,1.724187733,1.879755305,-1.106112892,-0.301410414,0.949045558,-0.782746148,-0.276947669,1.966132537,-0.484201198,-1.729522034,-0.604206068
1981,1.034183426,-0.44433789,-0.128992604,1.164857277,-0.449851641,-1.181602442,0.813539985,-0.142936835,0.675882211,1.595543128,0.48112839,-0.523674623,0.949021378,-0.576288877,-0.100713503,-0.155779941
1982,1.907107391,-0.143015241,-0.08864932,1.439698653,0.734596729,1.362717374,-0.135656306,0.884316718,-0.246450858,0.181319356,1.362361212,-0.956428776,0.637713995,1.271191458,0.48919282,0.126239996
1983,1.399699818,0.229813476,0.255689309,0.049741335,-1.239218495,0.861550122,-0.291044498,0.083155243,3.111097569,1.063504798,1.199000739,-1.228219149,1.247596888,-0.615244021,0.607958087,0.198691915
1984,1.803674159,0.470437537,-0.952651008,1.045679393,0.52818047,-0.214656075,-2.17356902,0.51945228,0.389916092,1.157201349,-0.02663993,1.178765041,1.255069382,0.6802321,-0.245230888,2.518712107
1985,1.741049631,-1.06162064,0.281551326,-0.267757474,-1.644992929,-0.594497811,-0.940902791,-0.004869234,0.196131428,-0.666666566,-1.894634339,-1.286524816,1.149503691,-0.820243242,1.636072708,-0.313699021
1986,-1.621467215,0.173190211,-1.238505165,-1.593668674,1.322794527,-0.684559126,-0.501825147,-1.361536573,-0.41322953,-1.750251159,1.900822551,1.604238182,-1.385754111,-1.497453654,0.023728459,-0.249941334
1987,0.248431371,0.362702263,0.291834317,-0.301470531,0.661464094,-0.95484682,0.646611861,-0.306730097,-0.701213496,1.067792095,2.071941262,0.771889641,0.813650499,-1.582875396,-0.797144819,0.185447066
1988,-1.064662568,0.647648765,1.175112239,-1.699182651,-0.936448218,-0.344389016,-1.462751755,-1.56225049,-0.029881828,-0.95979118,-0.768540059,0.236214329,0.344561649,-0.182093881,-0.400374176,-0.469412634
1989,0.122104391,-1.461724883,0.620391626,0.634185204,-1.35195702,-1.293398633,-0.441487641,-0.429139869,0.290496965,1.160241211,0.868756018,-0.321474528,-0.16148834,1.563357319,-0.789580848,0.51711573
1990,0.000283703,-0.961497341,-0.498121299,1.53591275,-1.466719523,0.998632248,-2.242543773,-0.311424566,-0.633405225,-1.698212046,0.031888809,1.873111334,-0.232762951,1.932252875,-1.64157858,1.495488661
1991,0.772936829,-0.143325252,-1.437971896,1.232202426,-0.373243406,-0.586566587,0.181667703,-0.704386928,0.094667034,-0.006280274,0.489216014,-0.378314768,-0.328068136,-1.010811226,-2.326239055,2.497063212
1992,0.627019751,-1.613290628,-0.20418356,-1.373648196,0.50335144,-2.245637693,-0.329711926,0.128569704,-2.358873586,-1.243621479,-0.407615214,0.804723516,-1.110844531,2.068376404,0.141944034,-0.950331085
1993,1.233539081,0.782633866,1.271507123,0.167408241,-1.451360413,1.456853445,1.221325371,-0.042988816,-0.059558942,-0.223420489,0.417568597,0.393568542,-0.566909711,-0.125515154,-1.513300842,-0.725164427
1994,-0.521387416,-0.499729528,-0.423657452,1.086914469,-0.049739975,1.22303971,0.389914157,2.142580818,-0.462643753,-0.598225707,0.671375483,-0.887159723,-0.22157079,-1.08613414,0.076747108,-0.613828494
1995,-0.055572824,-0.249954447,1.331286415,1.05859737,1.873079436,-0.422200965,-0.743251516,-0.53036899,0.985912084,0.1579418,-0.175028998,0.508162114,-0.657623775,-1.129973891,-0.814558653,-1.108443171
1996,-0.528244129,1.06055948,2.191298607,-1.573016237,-0.8005217,-2.312708516,0.881538454,-1.504372493,0.063540225,-0.439007848,2.140829659,0.283361173,-0.711014794,0.264970458,-2.088866017,0.580281953
1997,0.260968725,0.83627038,0.574320493,2.060295072,1.922791302,1.293475699,0.859208984,0.36506385,0.607395023,0.512724897,1.01756339,-0.493351169,-0.063449765,-0.652736232,-1.783576875,-0.052461996
1998,-0.629177104,0.660496604,1.517013525,0.783987204,0.992352128,0.529109463,0.458965692,-1.077855467,-0.774401804,0.367382437,-0.04375356,-1.079425599,0.846275004,0.946920696,-0.049581947,-0.202949023
1999,1.353807198,-0.074389172,-0.804026763,0.097240635,0.4087044,0.339461094,-1.466733572,-1.544868867,-1.760017864,-0.63249799,-0.221991289,-0.397207631,-0.560690597,0.764323904,-0.312939284,0.202238496
2000,-0.754486589,-2.994402306,1.546926622,0.597090351,-0.210588614,-0.527114511,0.17563194,-0.894715942,0.489993234,0.072558629,-1.025153629,0.19047268,-0.465871405,-0.535234703,-0.775069219,0.014133927
2001,-1.298168659,-0.799616403,0.611455348,0.836249562,-0.97559453,-2.298279512,-0.234285418,-0.426640795,-0.031222595,3.029351786,0.081539569,-0.350485926,-0.114822544,-1.401293369,0.112821167,0.822963308
2002,-0.120390142,-0.726859376,-0.19462706,0.587993251,-0.09750097,1.526476439,0.686558254,1.09659721,1.506242093,-1.186502433,0.746473182,1.244145563,-1.222564588,-0.147168047,0.154179004,-0.062154517
2003,-0.42106267,-0.36830953,-0.165503543,0.523549799,0.515457747,1.806089529,-1.073405599,0.690985483,0.892178341,-2.097520149,-1.20298768,-0.807413818,0.709529843,-0.920883108,-1.172946609,0.231357934
2004,1.943783858,-0.544977418,0.560051733,-0.706116874,0.551111372,0.203721828,-1.802571085,-0.153691553,-0.977622562,0.274702881,1.090090014,0.480797999,-0.57278607,-0.529660997,-2.175521337,0.90583846
2005,-0.340536115,-1.560889926,0.584017198,0.25610733,-0.288570297,-1.464217499,0.04662587,-0.221130995,-1.179683576,1.269084637,-0.221165412,0.487924331,-2.018677545,-0.197685178,0.991176877,0.271791205
2006,-1.162598132,0.172188125,1.099178776,-1.499580424,-0.044697871,0.262586257,-2.948873017,1.235330005,1.847776735,2.968073037,2.191831489,-0.332895524,0.682094872,-0.672444934,0.136764689,-1.060623949
2007,-0.145642879,-1.421026751,0.330281421,-0.953479506,-0.27249983,-0.519512076,1.535571867,-1.103678888,0.500506657,0.169692773,-0.998586977,0.22809256,0.689559368,-0.981250644,-1.604283835,1.221256501
2008,1.496833533,-1.326682942,-1.184564975,-0.790252929,0.073081537,-1.624235338,0.23791579,-1.20168911,-0.037854873,-1.150882423,-1.464791039,0.644954616,1.305683213,-0.087554195,-1.305822077,0.544163909
2009,0.931215084,-0.620849108,-0.790047333,-1.030869153,0.781491424,-1.531259694,-2.056912779,0.201996213,0.988721579,-0.014732165,0.997411396,-1.043389162,0.812668919,0.759597001,0.690676513,0.75057611
2010,-0.971118733,0.307786999,-0.440460413,1.499131725,-1.017294817,0.151659363,-0.457672972,0.946695762,-0.924261496,-0.589067912,-1.002491622,1.474567822,0.388560289,-0.414515569,0.081755838,1.000041447
2011,-1.377733349,-0.100833146,-0.402095305,-2.119696105,-0.605052184,0.683784497,-0.704227512,-0.094150041,1.283332984,0.387618586,-1.186758564,-0.474553053,1.812772675,-1.671025414,0.4597577,0.549792178
2012,-0.242575236,-0.655533882,0.931842999,0.467612814,-0.815536206,-0.539707027,-0.701531097,-0.041057455,-0.582458516,0.05612809,-1.250378603,0.140089345,1.266153244,-0.804176289,1.095661944,-1.184773716
2013,-1.553077608,1.450234175,0.032215439,2.690282544,-0.621798867,-0.29929355,1.607020128,-0.573805935,2.324725075,0.634095902,0.182296235,-0.298357539,0.225718194,0.242334783,0.107688432,0.736075504
2014,0.996724949,-0.218607895,0.148331677,-1.258796508,0.236817678,-0.73666586,1.543782445,0.066661519,0.549058253,-0.212464564,-0.938217441,0.892787667,-1.912659517,-0.68256457,-0.052184023,1.105801997
2015,0.42103458,0.05433697,-0.198124118,1.482975948,1.457380553,-1.459843091,0.952541499,-0.174525301,0.597517236,-0.461161464,-0.847855717,0.546057376,-0.205970155,-1.527748733,-1.086649894,-0.410537432
2016,2.422479551,-1.06769155,0.607550413,0.241645196,-0.832881031,1.790984499,-2.058607666,-1.292741066,-0.166169536,-1.222433715,-1.189066189,0.163608902,-1.358704043,-1.333230943,-2.130829259,-0.092017909
2017,0.257172158,0.218825567,-0.874002719,1.039391346,1.014796482,-1.362949176,-0.643986067,0.385980214,0.525041087,-0.177297324,-0.652199862,0.367405975,2.104904925,-1.968288225,-0.463951758,0.265575988
2018,2.109289782,-2.337169305,1.642607845,0.708642415,1.166369487,-0.584477901,1.461499028,-0.431938805,0.347402759,-1.490017613,-0.089501631,-0.282083533,-1.597129263,-1.52975522,-1.257995225,0.511490037
2019,-0.040196072,-1.3895139,1.507200126,-0.181307227,-1.531118587,2.031844253,0.507991139,-0.268022026,-0.296943385,0.751644851,1.093888714,2.158082385,-1.042940564,-0.195479461,-1.192792313,-0.261442768
2020,-0.058303864,-0.982992746,-1.020153765,0.964677291,1.297422162,0.60556052,-1.967465907,-0.31998018,0.52857667,0.71250922,-2.095628958,-0.232704715,-0.33257826,-1.017358293,0.685588681,-0.377617271
2021,1.298719158,1.184125537,0.790232758,-0.784030491,-0.351857084,-1.261067972,-1.110466863,0.332995587,0.782939723,-0.075502703,-0.397868678,-1.167791615,0.155556243,0.133819886,-1.440474934,1.823464454
2022,1.215214891,-0.951309342,1.221511535,0.345600302,4.537885456,-1.329115011,-0.448107017,0.427723742,0.229211696,-0.651341432,-0.159863122,0.991041616,1.25515358,-1.439356879,-1.3418943,0.222321759
2023,0.936000706,0.593723639,-0.949427557,-0.155161069,-0.109028346,-0.316272656,0.699234339,-0.006564049,-0.163845754,0.363574724,-1.167045314,-0.742114355,0.795370543,-0.785005383,-1.147380817,-1.529941858
2024,-0.001713938,-1.798032445,1.812724554,1.166991177,-1.052649393,0.611336452,-0.477513246,0.400216753,2.575887765,0.174187785,0.366572605,-1.79234819,-0.962282995,-0.080753583,0.3427927,1.590847882
2025,-0.162361133,0.36112926,1.390174379,1.139753335,0.012592068,-0.580112434,-0.358539416,0.229783056,0.404044562,-1.186722744,1.984281122,-1.193479473,-0.738014548,0.059194823,1.368328744,-1.221057106
2026,-0.373180567,-1.776324554,-0.495594539,-0.151802002,1.739968732,0.220630822,0.128422407,-0.56418934,0.098068401,-1.886613714,-0.670067813,0.103070366,0.820426194,-1.398025156,-1.728683691,-0.33187016
2027,1.518294383,-0.625274597,0.712180152,0.696450721,1.415774184,1.09431616,3.536398331,0.235685102,-0.7747857,0.825594853,-0.5213047,1.141418858,0.512819441,-0.848378324,-0.944572637,-0.837754716
2028,0.118562757,1.057616611,1.064675709,0.055713113,0.351754039,1.672333693,-0.628998788,0.424096798,-0.13675909,0.391474781,1.26030108,0.456409805,0.702460817,-1.107115829,-0.672894339,-1.090214134
2029,-1.660144946,-0.652598242,-1.373459251,0.831993246,0.467156546,-1.349284013,-0.272201277,0.166672223,1.252269351,-1.24579337,-0.789871168,2.006182469,1.127167499,-0.021359859,0.695099703,3.186578257
2030,0.886562006,-0.680079812,0.180385529,-0.955379484,1.358086129,0.861190675,0.018273831,1.010724206,1.349308189,-0.163738457,2.381221852,0.926318726,1.280257539,-1.498407386,-1.132238084,1.541436552
2031,1.738330804,-0.079196559,1.507676483,-0.966105857,1.286938954,-0.640263286,0.313156272,0.566953879,1.048756132,-0.882434951,1.198420094,1.444845104,-0.588020505,-0.978285144,-1.488106909,-0.527003003
2032,1.02766016,-0.579754838,1.585123882,1.1791273,0.44479723,0.269845342,1.20864173,0.158584312,1.559368139,-0.789015918,0.597778769,-1.247944946,1.573485486,-0.652721005,-1.441621216,-0.293107317
2033,-0.017632722,-1.740186895,-0.67573544,1.911693693,-1.944937571,-0.314096951,1.204342161,0.420607676,-0.393751119,-0.403771856,0.476512904,1.20506601,0.427376519,0.399790404,-0.932062079,-0.682857758
2034,-0.967297377,1.371935627,0.725632888,-1.301746511,-1.669453737,0.015166412,-0.287211113,0.804577544,-0.524180383,2.086021254,-0.196557498,1.534350697,0.208497351,-2.18089664,-2.155860118,-0.216969814
2035,0.534166435,0.616526909,-0.715043141,0.93688162,2.267107855,1.038867871,-0.744991628,1.233529511,0.531314849,0.06064039,-1.589473907,0.833985058,0.658790463,-1.645221413,0.495826992,-1.022640982
2036,1.638608379,-0.707627157,0.622249286,-1.046884462,2.046932847,0.424841221,-0.53724099,-0.388034326,0.177212183,-1.703384607,-1.093450051,3.795031646,0.961176207,-1.600269302,0.611214337,0.190479437
2037,-0.059809037,0.18671161,2.548505145,0.947417477,-0.222043748,1.140247821,1.524915988,-1.562231709,1.064365958,0.768573392,1.690483435,1.817236735,-1.175649427,-0.336026746,-1.003188184,-2.161609215
2038,1.285452291,-1.225682276,1.29123823,-0.680556913,1.90589398,0.586407846,-0.709564915,-0.167320581,-1.693818655,-0.908134151,-0.179449963,0.596890048,1.859242327,-1.41354005,0.368236526,-0.310926436
2039,-0.800489326,1.454105211,0.10055404,0.390774195,-0.351944054,-0.353139109,-0.775871641,0.631943979,1.723681264,0.555755631,1.90934877,0.424417312,-1.417325953,0.083809262,-1.45271799,0.262502204
2040,-1.847695901,-1.391839168,1.077014965,0.451229014,-0.776254546,1.028998485,-0.546804346,0.66964894,1.164009657,-1.147800976,-0.289923664,0.491939347,0.854519694,-0.221716732,-0.30108702,0.548267221
2041,1.297394592,-1.136422007,0.54894471,-0.529073473,0.591987465,-0.273729573,0.814938823,1.109743694,1.073625214,-0.652473677,-1.292622388,-0.813539943,-0.122618175,0.642402532,-1.010566336,-1.791317689
2042,0.25643932,-0.566787132,-0.679480801,-0.075117962,-0.433096717,0.601847557,1.282877522,-0.814713951,-1.426777377,-1.226515322,0.843794562,1.080419054,-0.078317527,-0.892897614,-0.413841715,-2.2272351
2043,-2.434500067,1.536538631,0.410797141,0.187932003,2.075314557,0.918248073,-0.494966497,0.367609189,0.094761868,-1.65018771,1.878728056,-1.061729875,-1.106486168,0.538776446,1.199442413,-0.973969666
2044,-0.967977671,1.253762693,-1.094891415,-1.637979417,0.872635311,-0.065361285,0.3096396,-1.045472356,-0.065018055,-0.627131561,3.569350433,2.003788027,0.094588346,-0.823142352,-1.908600266,1.590548482
2045,0.112045141,1.251326285,0.661057769,-0.60965654,0.09575001,-0.537036278,-0.706486673,0.951380331,-1.254347596,1.619555375,-0.061678977,1.012208567,0.098269029,0.692985011,-0.728553447,1.03862385
2046,-0.8309174,0.387518282,-0.03351857,-1.194159194,-0.132524714,-2.192702621,-1.941914796,-0.170172658,-1.558012869,1.452274136,3.298896094,1.338183992,0.545254267,0.508283143,-1.39205096,-0.36236343
2047,-0.669582706,1.673507507,0.993269714,0.76124842,0.723179644,-1.869511837,-0.600306505,1.208180793,-2.26511236,-0.513548819,0.259693019,-0.827830372,1.247408859,-0.925916289,-1.167546083,0.222697215
2048,-1.459268286,0.165954291,1.632146582,-0.283784794,1.262828653,1.155911192,1.817624959,1.196437427,3.069849338,-0.458811478,-1.588145079,0.280308317,-0.124382923,-1.588196524,-1.982307636,0.300334534
2049,0.198805845,-0.488353308,-0.222563365,-2.142419597,0.481129844,0.119133772,-0.452089759,-0.010452462,-0.638941344,-1.059148835,-0.733467061,-1.391562081,1.893219064,-0.348646532,-0.061636409,-0.593406267
2050,0.068112898,1.87786156,-1.689013082,3.601800512,-0.620307484,-0.647298401,-1.6234218,0.14308151,-1.546053525,1.721336548,-0.303828458,-0.005579825,0.687464761,-1.761063192,-1.686290136,-1.191607305
2051,-2.30467341,-0.62104134,-0.477924975,-0.344476669,0.347805422,-0.347563786,-1.658631294,-0.627003389,0.931171153,-1.780583622,-1.011802389,0.680346784,-0.660336542,-1.491166237,-2.41521872,-0.259396992
2052,-0.61704764,-1.016973157,-0.324723112,-1.302875121,0.094309682,-1.91176289,-0.511882338,0.305620114,1.082453082,0.334391946,-0.099741644,0.223416004,-1.553652233,-0.114299388,0.616868974,2.023821889
2053,-0.965361453,-0.82351753,0.965666732,0.427987323,-0.777895129,-0.810303378,0.037777182,-1.034031071,0.418057072,-0.827503785,1.967542963,1.229045088,0.573941259,-0.795342156,1.049482871,0.285007922
2054,1.212967403,-1.219414618,-1.220714674,-1.673336138,-0.712577797,-0.993225522,-0.259305767,0.398256406,-0.952840377,0.773192351,0.838493758,-0.972540742,0.765234039,-1.743957571,-0.67500963,-1.429549283
2055,-1.692798106,-0.049741316,3.125503298,-0.123030216,-0.314214608,0.828679092,0.374677545,-0.704081058,1.083833789,-1.617826784,0.865772175,-0.272563799,1.288625488,-1.154667034,0.436084176,0.200489541
2056,-1.860124353,0.524849996,0.34394769,1.286359839,0.689957879,-0.477791637,-1.521052246,0.018318115,0.011432611,-1.240271454,-0.492334462,1.27868098,-0.4694033,-0.489853526,-1.321131536,-0.371899566
2057,0.285874689,0.385280989,0.742240997,-0.360404661,-0.915497372,-2.135360503,-0.467616187,0.073156872,-0.194170699,0.289148699,0.34291297,2.812181826,-0.989059814,-0.176124008,-2.105351727,0.552202683
2058,0.241872701,-0.714892978,-1.242725557,1.695374668,-1.628036694,-1.937754825,-1.116478595,0.039646553,-0.593785456,-2.004814716,-1.450246349,0.017327144,1.504837817,-1.665761663,-0.902333206,-1.300532772
2059,0.266460283,-0.424610535,0.671941597,1.911862983,-1.760173009,-1.62878736,-1.763812132,0.566533878,0.082131939,1.471733981,-1.637401555,-0.871474719,-0.968710937,-0.988086252,-0.237929191,-0.799553438
2060,0.393897522,-1.540142946,0.188436331,-0.430243426,-1.381866706,1.874656289,0.316571581,-1.035031006,-2.008503757,-0.731313167,-0.29515262,0.438042064,-0.507674953,0.301830574,-1.721929083,0.088180433
2061,-0.893339325,1.801810722,0.259037691,2.102226411,1.704130452,-2.13979008,-1.503317773,0.62354752,4.145947158,-0.968889787,1.648584555,2.179319439,0.856054191,-0.278519835,1.153346133,-0.104191222
2062,-1.422877189,-1.992493638,0.263011083,0.165569715,1.343314168,-0.23573302,-3.204686943,0.989729279,1.371639803,-1.168003926,-0.549528227,0.111276048,1.767661565,0.29889507,-1.392964296,-1.718546922
2063,2.06503987,-0.430855693,-1.691546745,1.81011769,-0.478198897,-0.961300314,-0.980664465,1.054020132,-1.062035844,-0.116659925,-1.741242209,0.33021074,1.439856441,1.787462889,-0.034343935,-0.772645234
2064,0.703699334,0.046663082,-0.29998439,-0.463721281,0.729568948,0.241603185,-2.20946221,-0.149241342,-0.480633201,-0.458966267,-0.879043286,-1.72313143,0.375629903,0.927384252,-1.85494447,-0.79391727
2065,-1.594224573,-1.768837293,1.274016097,2.340991084,0.509629486,0.367795176,-0.462521782,-0.049888844,0.603011442,-0.645949808,1.38898218,-0.225856747,0.963475253,-1.829899863,-2.093915361,-1.824592057
2066,0.107768217,0.187911286,0.188040951,-0.142523854,2.309822188,-0.390276665,-0.028072621,0.117198985,0.352396309,-1.010814109,-0.403762007,0.075132928,0.430678018,-1.932374998,-0.066552526,-1.826068929
2067,-1.49130342,0.658933306,1.498635687,-0.929748588,1.029813594,1.901985309,-1.430000406,-0.512683931,0.762506142,-1.88733333,-1.176653186,0.465865171,1.743316604,0.195562867,-2.33225848,2.186447676
2068,-0.072282391,0.84300814,0.351965371,-0.567883848,0.318307703,-1.547742715,-0.713637405,-0.734588483,-0.28655136,0.229307094,0.078806016,1.859502716,0.376553992,-2.302491515,-0.2061406,-0.097320044
2069,1.407106016,1.004062391,1.371196259,1.975410424,-0.842566117,-1.265284084,-1.289119371,0.655241712,1.160065507,0.454863368,-1.257946977,1.692828803,0.804309753,-0.76237361,-0.44454827,0.162115799
2070,-0.5399852,-0.925273925,-0.411048332,1.468603956,2.139973352,-0.072759915,-1.861975988,-1.162979552,0.373610736,0.054859696,0.004503465,-0.27831499,2.090969389,-2.005569752,1.144566844,0.211395216
2071,-1.920514753,1.776430772,0.911040462,1.533334672,-0.878651809,1.171813983,0.466419393,-1.001687862,0.101532804,-0.324343072,0.703321317,1.051309395,0.259545682,-1.496900528,-3.203891999,-0.648295277
2072,0.988322985,-0.395373315,-0.0637691,-1.475163332,-0.308775003,-2.500868182,-0.071103233,-0.67094131,1.995413546,-1.213623816,0.192403341,-2.459619388,0.954460585,-1.368304647,-1.506822964,-1.030922252
2073,-0.327877662,-0.885277467,2.041798816,-0.926626073,0.465777772,0.077516924,-1.612711634,1.583636977,-0.178272259,-1.140288338,-1.289744928,0.135780022,-0.34375994,-1.362848928,-0.094246177,0.109977466
2074,-0.369324899,-1.269316234,0.795253812,-0.598443134,0.42714959,1.837418295,-2.870476712,1.796554838,1.592041073,0.783989279,-1.812284109,0.392510506,-0.452910991,-1.805602999,-1.697165386,1.78112116
2075,-0.702555022,0.223645956,0.437872559,1.778541817,0.661933002,0.6789861,-1.122559024,-0.217211402,0.786796003,1.477860535,0.016953654,0.972011408,1.441546949,-1.282236715,-1.648821892,-0.592257956
2076,1.549452274,-0.467687217,-0.546419913,-0.034551216,0.482198107,-0.15697281,0.361751968,-0.153273062,0.830964387,0.960357432,0.791728124,-0.566277005,-0.623592648,-0.999846245,-0.446334457,-1.696806253
2077,-0.999210457,0.179338722,1.44475074,-1.323257245,1.005642289,-0.782561162,-1.482556664,-0.529592667,0.812498809,-1.193713695,-1.960657967,-1.350722514,1.744895883,-0.128164407,0.954921667,0.284436408
2078,-0.83096972,-1.104195681,0.806861603,-1.640619081,1.798596239,-0.22692625,0.735799679,0.023339403,0.21974073,-0.134673879,-0.134498114,1.000583176,0.686148092,-1.612907351,-1.186743709,-0.401757445
2079,1.841006924,-1.92967617,0.143204421,-1.682566476,-1.286876587,1.721940012,-2.466876348,-1.271313352,-0.126061592,-1.844466842,-0.165826992,0.747187697,2.148316183,-0.913597038,-2.858968874,-0.196471254
2080,0.470416745,1.884804023,0.565795416,-1.32905147,-0.668771392,-1.140839041,-1.390926519,-0.237157797,3.380047726,-0.827534458,0.593597513,0.437566657,0.98455652,-1.198392774,-0.414273126,0.345018111
2081,0.201060232,-1.399443905,-0.079157244,-0.112416582,-0.175114923,1.128237201,0.137050915,0.030072967,1.96537965,0.587569241,0.532191632,1.186062053,0.326914983,1.912641643,-0.287416631,-0.338845738
2082,1.076903124,-0.339701702,-0.896751561,-0.975805162,-2.618380207,1.394884258,-2.36853733,1.163920098,0.021287912,-1.408576398,0.942660191,1.233927921,-0.048577427,1.813995309,-1.47988915,-1.052261319
2083,-0.058189343,0.110248591,-0.419479485,1.120279863,-0.10329888,0.505393919,-1.119287993,-1.122953976,-2.89092661,-1.679686882,2.23617749,1.574887047,0.860747239,-0.190970397,-0.54747048,0.46656736
2084,-0.369572678,0.227983843,0.113179279,-0.310500051,-2.12787813,-0.434157215,-0.223059006,-0.037217626,-1.264177808,-1.466722845,-0.29706203,1.126277351,-0.540125304,0.514376475,-0.072660828,-1.29284671
2085,-0.960143383,0.996447825,-0.794414659,-0.82497765,-0.660911813,1.778942458,0.373877626,0.433791784,0.305205406,-1.613705526,0.366474156,-0.618155158,-0.549010571,-1.355633137,0.899725808,0.643006282
2086,0.068692898,1.650661882,0.083579528,-0.51327693,-1.120904671,-0.990172514,1.302923246,1.014326914,-1.666112977,4.230824072,1.074052366,0.784889992,2.690540977,0.059617513,0.439997948,-0.533524891
2087,-0.199747239,-3.080694598,-0.554940624,1.232084041,0.2172001,-1.163864983,-1.644165372,0.282562885,1.14994422,-0.515488269,-0.232228229,-0.049880875,-0.324783614,0.105547718,2.085276959,0.375199832
2088,1.400558473,1.881968988,2.918459773,-0.045261424,-2.07449372,0.068647526,-1.354257365,0.163877252,-0.692048193,-1.185816867,-0.144880864,0.238731828,1.157068151,-0.081593405,-0.249844523,-1.415995377
2089,-0.232601562,0.642561039,0.964773715,-0.566231631,-2.215766398,1.339630205,-1.085683364,-1.154830144,0.137852697,-0.218933437,-0.33183377,0.407387552,0.026921584,-1.592624942,-0.999377343,0.917428152
2090,0.496780161,-0.792316721,-2.175853718,-0.615394119,1.292496804,-0.05858258,0.04990778,1.289675296,1.210473904,-2.367746252,1.302268257,0.249812684,0.75903677,-0.351572256,-1.010440473,-0.149044755
2091,-1.981437825,-0.08301939,1.72851902,0.696529396,-1.091002265,-0.258730763,-2.299325432,0.69102733,-0.50380737,-1.8738294,0.026921247,0.554087123,-0.992522292,-0.368086291,-0.864803039,-0.973812159
2092,-0.062671691,1.805387789,1.45569186,-1.131933669,-1.690302749,1.291782297,-1.260591351,0.171556118,-0.69914957,-3.288073291,0.59434911,-0.859761447,0.839316762,-1.966931053,2.477210695,0.704562013
2093,-0.624844536,0.304402242,0.162836007,-1.35648695,1.150944084,-0.901923153,2.047389175,0.122594024,-1.585804455,0.521358002,2.54741378,-0.968034516,0.917748623,-0.617950415,-1.699088485,0.263570542
2094,0.438539931,-0.643170515,2.486233148,1.825483241,-0.943417784,0.759260975,-0.169028239,0.106784195,1.172009111,3.216133558,-0.16875366,0.497987647,2.714373987,-1.573075565,-1.684584366,0.694731061
2095,0.513079464,2.385926583,-0.63523483,-1.194064722,1.171496757,0.60030823,-0.963112422,-0.434212105,-0.726360223,-1.275697814,0.249686635,-0.575513968,-0.430956583,-0.71320811,-1.398684791,-0.219122594
2096,-0.523258535,-0.222205674,1.655021,2.26789334,1.323304379,-0.01893483,-1.439922568,1.749815244,-2.840557621,-0.51042301,0.738514222,0.883884909,-1.234699583,1.630734576,0.431471133,-1.174149694
2097,0.613384216,1.315963044,-0.514258946,-0.927189789,-1.481461634,0.020786524,0.271282407,-0.017439949,0.956461802,0.617657547,1.155791846,0.379756971,3.008620421,-0.768478041,0.185401643,-1.143825984
2098,1.896553889,0.730556185,-0.605762863,1.130260296,0.494878603,1.292127667,-0.336277918,-0.708402473,0.247638905,1.286795812,-0.373799357,1.590925033,0.057273706,-1.22893072,-1.929070738,0.32686848
2099,0.941578989,-1.621880941,-0.138460737,-0.204259191,-0.854689195,0.313457319,-0.82965438,0.747171333,0.717128694,-1.551280335,-0.516534373,-0.24862309,-1.930214725,0.088723613,-0.782379984,-0.221182119
