years,model_0,model_1,model_2,model_3,model_4,model_5,model_6,model_7,model_8,model_9,model_10,model_11,model_12,model_13,model_14,model_15
1875,-0.030201001,1.063185924,0.819088668,-0.258965817,-1.294382823,-1.322707824,-1.682490314,0.787112152,-0.694232944,-0.601571964,-1.42575953,-1.001183063,-1.460050061,-1.082569629,1.244271579,0.076103854
1876,0.748214629,-0.567122005,0.200701725,-0.684366044,-2.473090955,-0.728953864,1.000201858,1.270938638,-0.173343376,0.045696786,0.624417916,0.048011206,-0.478581073,-0.196210785,-0.154877007,0.310843299
1877,0.616386918,-0.642973777,-2.163925266,2.119355874,0.083858444,1.205171177,0.12296927,-1.14562999,0.825325073,-1.626903261,1.46071477,-0.34525072,-0.362544212,-0.153590694,-0.262410086,1.795133026
1878,0.244487408,1.179965297,0.4922117,1.032966736,0.082436316,-0.562929882,-0.95897454,-0.203593805,0.673849274,0.588460739,-0.024016943,-0.058897764,2.128490288,-2.932301852,-2.470599715,-0.624878693
1879,-0.251456836,-1.363517264,0.098278287,1.405515288,-0.093115069,-0.440323084,-1.174224807,1.651659452,1.202409168,0.146835931,-1.418209407,-0.205862357,-0.955114728,0.374351936,0.209996069,0.722894825
1880,2.020811752,0.165273756,-0.688175919,0.626196536,-0.4090017,-0.209592477,1.089011946,-0.968730064,1.178089591,-2.154533467,-3.968354021,-0.378604674,-0.253359993,1.289047717,0.808617004,1.57550606
1881,0.699404261,-0.311570805,0.494999013,-1.618634537,0.040533118,0.780111447,1.863495545,-1.292003056,0.206098725,2.721910277,-1.293570633,-0.657408262,3.173925453,0.703458606,-0.225281999,-0.815784447
1882,0.670860364,2.088674725,0.720509926,0.01450879,-0.287000712,-0.336550591,-0.166753705,-0.388836826,-0.024120848,-1.577375583,0.556753205,0.692986818,1.038561427,-0.010745243,-1.892758748,-1.431559834
1883,1.353842673,2.455609742,1.13684056,0.375308668,1.505150575,-0.7607701,-0.001068791,0.895723179,1.489113213,-0.906354376,0.482624832,-1.365203493,0.391784994,1.031865155,-0.729098927,-1.504554646
1884,-0.717063735,-0.566783014,-0.293672709,-0.734879334,-0.421800255,0.552222325,1.069869009,0.965222333,0.64800555,-0.932503636,-0.852239444,0.317943308,0.054630379,-0.532629729,-1.079076508,1.36700852
1885,-1.218014282,0.936975563,-0.380719478,0.765802689,-2.155813222,-0.012263182,-0.098739628,-1.005684427,-1.244738645,-0.592928068,0.220699706,0.218643317,-0.874088496,-0.887101623,0.689227083,1.002435147
1886,0.429489374,-1.073390739,-0.139317575,-1.085643981,-0.463939091,1.114924939,1.7992669,-0.541040615,-0.796729755,1.014776899,-0.355625587,0.61424127,-0.57889758,0.496760277,0.140544226,-1.511974211
1887,-0.040437572,-1.212350739,-0.624592968,-0.531584303,-0.791462894,-0.059214943,-0.181643177,1.621958959,-0.334703792,-0.165492486,0.609159421,-1.816379281,-1.413983469,0.952239665,-0.856410585,-3.305273562
1888,-0.950555745,0.123140354,-0.765444589,-0.053343539,-0.012879946,1.70956059,1.576857986,-0.828939297,-0.777825815,-1.153593244,0.636849068,1.303410626,0.843110066,0.016798779,2.444334063,0.397550319
1889,-0.558019824,0.483624651,-0.988238007,2.465272559,-0.135784681,-1.056445429,-1.360961462,0.670422805,0.295000696,-1.902519755,0.399861538,-1.367211205,-1.00419434,0.817212706,1.13215515,0.62372633
1890,0.143739523,-0.216265795,-0.273231407,0.036969426,-0.983335337,-0.906059946,-0.193671362,0.677389747,0.426190425,0.591425134,0.227923278,-0.437644863,-0.54934295,-0.769554293,-0.205027327,-0.416740514
1891,0.614664773,-0.90150019,1.443333179,0.31607549,-1.190504596,-0.559232006,-1.18393189,-1.861944285,-1.235309022,0.507646269,-0.567412029,0.494449186,-0.031903165,0.182898338,0.323398209,1.384473566
1892,-0.657494483,0.079434238,1.218318571,-2.417914529,1.184116323,-0.475218549,-0.893353716,0.292169049,1.658139597,-0.385985433,-0.249603011,0.4700794,-0.272396552,0.493362435,1.125946165,0.531888784
1893,-0.184999108,-0.740447616,-1.936702665,-0.396997888,1.416913228,0.114044539,-0.101789496,1.275531044,1.052486601,-1.545488535,0.563255837,-0.261881818,1.497273813,0.824472125,0.49008556,-1.892845509
1894,-1.002156908,-1.833454595,-0.238108413,1.531352568,0.310222336,-2.387842194,-0.295549924,-0.537231484,-0.60676234,1.651720715,-1.44081978,1.279009754,0.348897046,-0.696181509,-0.166776813,-0.801378727
1895,1.27334204,-1.306337999,-0.732592143,1.698870922,-1.046460822,0.128515574,-0.009691963,-0.445191255,-1.041362211,-0.288032119,-1.264700345,0.269920189,1.174443756,-0.470366115,0.578952124,1.123540405
1896,-0.733014117,0.904709793,0.649310704,0.38057292,0.247493204,-0.251361223,1.064651229,-0.184210219,-0.489081769,-1.413657069,-0.468828573,-1.312364217,-1.930202628,-0.621576924,0.982440023,1.293506535
1897,1.527440796,0.581836469,-1.56741759,-0.778899748,-0.073826383,0.73362117,0.720309131,-0.708091117,0.089327819,-0.141601925,-1.012566859,1.270611829,-0.533383235,0.127809862,0.170009148,-1.763407015
1898,0.839836332,0.451045317,0.434846015,0.60405633,0.73799346,1.465085968,-0.984429089,0.087205632,0.298666878,0.976671787,-0.557785457,-0.44559667,-0.9250128,-2.193575383,1.215271644,-0.18636541
1899,1.032632451,-1.992460104,1.037354456,-0.769934713,-0.502378144,-0.320822987,0.13299502,0.728620047,-0.950141192,-0.560063089,0.984796371,0.958520382,-0.307809137,-1.943862398,-0.62166714,-0.369157571
1900,-0.357953428,1.213752569,0.568371468,0.998996266,2.231221737,-0.599717987,-0.920978303,1.385355022,-0.035068781,0.186196039,0.317951558,0.742440772,-0.142779925,-0.468083148,-1.518500275,1.00425332
1901,-0.537983982,1.763023113,-0.434417778,0.333821473,-0.748167101,0.6515828,0.384372816,-0.093553506,1.032302348,0.043952203,0.717590267,0.475466665,-1.235077639,2.06790062,-1.298095602,-0.382028867
1902,0.119685734,-1.326357015,-1.326380702,0.394085961,-0.351814464,0.753884596,0.53308516,-2.44910175,1.666387123,1.505262716,-0.499411484,0.069616375,-0.675801705,0.769657711,-1.766901565,-1.521526724
1903,-1.202988512,-1.376157432,0.275906658,0.390956182,-0.540440002,1.621118365,2.322657313,0.630268685,0.847723793,1.835601242,2.018764278,1.176103374,-0.983249224,-0.924604039,0.663034596,0.273498625
1904,0.764241173,2.317485729,-0.547995084,1.741622657,0.818244587,1.376673704,0.713618337,1.16993139,-0.801705273,1.529101484,0.853305908,0.163365879,-0.531811877,-0.438180009,-0.112345837,2.361081463
1905,-0.349387014,-0.37028262,0.996108755,-0.390108018,0.378067097,-0.78578172,-2.247119995,0.705903981,0.622997879,1.659629427,0.697117204,0.819153017,0.209562277,0.449887338,-0.405183391,-0.750507811
1906,0.140160762,-2.099098435,-0.53974292,0.557981115,-0.22284032,-2.675399393,-1.168199125,0.278500455,0.427869601,1.013205514,1.092722873,1.842793327,1.412917905,0.434735685,0.768953002,-0.384981817
1907,1.904060526,1.009814057,-1.278197618,-0.956417938,0.37537488,1.347782444,0.724039601,0.168920892,2.000403319,-0.200310768,0.387810109,0.059414236,0.27718293,-3.479715599,0.280858606,-0.614610328
1908,1.017310361,0.196747127,-1.258713627,0.559075123,0.181616666,-0.20478909,0.948821208,1.196534239,-0.830334826,-0.495726977,0.666350429,-0.571072453,0.878858528,-0.433835825,-0.268021271,0.835283817
1909,1.905998863,0.286771963,0.570840765,-1.2445855,-0.973207528,-0.802816024,-0.708335973,-0.573552763,0.754993811,-1.140074461,0.6761571,0.578864308,0.192402604,0.766549804,0.454263982,0.321955695
1910,0.264583313,1.034131305,0.976908828,0.964759848,-0.863990435,-0.181560748,0.658382084,-0.796629378,-1.067946806,1.127736481,1.469924982,-1.962013795,1.985404636,-1.538493533,0.076485462,-0.386584038
1911,-0.724582077,0.995634426,1.028328593,-0.591262834,-1.022831827,0.842641517,-1.160666826,-1.595898002,-1.34402612,1.351521854,-0.402549724,-1.10171007,-0.370663037,-0.540454022,-0.195455297,0.870626605
1912,0.196723486,-0.685365842,0.165002582,0.851274928,-0.025058886,0.444031415,0.680458672,-0.033239842,0.26196915,1.023735602,-0.901118338,0.372359166,0.295229168,-0.839498775,2.237400914,-0.861891938
1913,-0.202207671,0.322955435,-1.253285568,-0.425245075,-0.081694217,-1.333771339,0.145359794,0.617261724,0.510567649,0.266161062,-2.190077493,1.287791968,1.232684194,-1.516576277,0.925970865,0.531374343
1914,0.545093742,0.871757976,-0.610665535,-0.094332399,-1.287619348,1.400122673,-0.468887359,-1.78012849,-0.343771172,0.316052871,0.220333935,1.592515665,0.261330491,1.225736343,0.543750664,-0.066845118
1915,0.66695413,-1.346347755,0.614662943,1.227172561,-0.353904426,-0.930631901,0.749366198,1.047848006,-0.222179736,0.163218369,-0.052699953,0.994799214,-0.658466368,0.907536699,1.946882685,-0.49922308
1916,0.352409262,-0.525743902,1.441437179,0.215224965,1.024144914,0.257856882,-1.84957015,-0.0371677,-1.47639155,0.109755833,-0.491600752,0.036882904,0.414645518,-0.138263717,-0.30879516,0.51137006
1917,-0.797080824,0.627148796,0.306257504,0.014386136,0.423527646,1.489153998,-0.114569148,0.21457429,0.610116192,1.068232255,-0.758229296,1.189106243,-0.852256286,1.020429205,-0.226920298,1.255684975
1918,-0.795385587,-0.722871207,-0.948473651,1.596915423,0.017616667,0.086800858,-0.170947166,0.792347259,0.68112585,-0.419782066,0.467732804,-0.090575322,0.317147207,-0.038872648,0.198259065,0.902805575
1919,-0.688176714,0.52065728,-1.314993346,-1.430629886,0.117055662,0.585018951,1.161773972,-0.920794185,1.054033291,1.0394444,0.721379056,0.035348551,0.780795637,-0.543850811,0.449521933,1.0281256
1920,-1.301584424,-0.531814949,-1.046385343,1.373019567,0.598756573,1.357760551,2.146069374,-0.84191578,-0.936431028,-0.278371404,-0.590448786,0.513900387,0.166933815,-0.265169641,-0.140401277,-0.929450932
1921,0.028461896,0.615431647,1.085485933,0.262662962,-2.165664448,-0.681073348,-0.29420183,0.957641964,0.389467909,0.538411466,-0.602569124,0.435544028,-0.300972187,-1.290613174,-0.540226487,-0.233651218
1922,1.880957148,-0.049897324,0.32843675,-0.822754993,-2.704050901,-0.33599603,-1.157502661,1.204624019,0.292647741,0.091165126,-1.210747846,-0.922700597,-0.042363934,-0.355221584,0.387750716,-1.083952223
1923,-0.74511459,0.911098079,0.637526173,-0.960790818,1.419789213,-0.334171609,-1.397636706,-2.175910499,0.857739549,-1.95155935,0.724323355,1.122684647,0.922173422,-0.261113779,-1.537126873,-2.706125155
1924,-0.870286231,0.940957816,-0.458751249,1.219293165,-0.435680601,0.040376969,-0.850365055,-0.241750422,-0.82933177,0.953908752,-0.991031354,0.242492233,-0.18623923,0.337436719,-0.100911812,0.877512009
1925,0.691644321,-0.28637164,-1.259658847,1.581538819,0.216301994,2.08691819,-0.02068787,-0.603564627,0.885468566,0.256081136,0.217135081,-2.603051962,0.722581168,-0.577693778,-0.501963129,0.478843629
1926,-0.779506058,-0.384653357,-0.194143955,-0.71364067,-1.766560967,0.828270026,-1.491696224,-0.141065207,1.175748766,0.574816669,0.554861557,-1.023095649,-1.248233148,-0.631983511,0.260916338,-1.199939616
1927,-1.796344958,1.082311957,1.865303694,0.38249276,0.425232683,-1.151430953,-0.031251423,-0.731790223,-0.780544729,-1.544903645,0.801485773,0.647842029,0.849266361,-0.683526542,-1.489572273,-0.946992873
1928,1.989935509,1.793876474,1.027908374,-1.422524923,0.49484453,1.733964737,-1.592700214,0.003778221,0.216741673,0.11143979,0.681104739,0.113046309,2.045416579,-0.975477992,0.799353516,-0.36757167
1929,-0.289766685,1.531888763,-1.36093202,-1.36306664,-1.371032167,0.892967039,0.728800998,-0.861036213,-1.168521331,-0.818388933,0.304719534,-1.313110038,1.546565877,0.210187443,-1.008210209,0.042178035
1930,0.890843426,0.369181776,-0.91794867,0.752048522,1.833389216,-2.235319056,-0.139101143,0.020705765,-1.109629832,0.310235954,-0.276538061,-0.057120792,1.248228496,-0.991237128,1.585143795,0.965989433
1931,0.987366424,0.777241644,0.009029373,-1.241767425,1.378294919,0.421481824,-1.809888233,-1.127038205,0.46281777,-0.952204384,0.241467822,-0.293979015,-1.013538805,-1.510900254,-0.678537606,-0.451922853
1932,-0.327738036,-0.673408069,-1.862245149,-0.242036551,0.531941605,-1.102246425,-0.758987141,1.003793485,0.966026577,-0.094624967,0.205441629,-0.122359914,-1.503653253,-1.122391262,0.421912835,-0.311941727
1933,1.422052284,-1.724926875,-0.333777142,0.167037926,-0.330641207,-1.336294269,-0.630238335,-1.559863231,0.095433589,0.053572456,1.90387106,-1.067516002,-1.195537075,1.14293393,-1.27532933,0.472867381
1934,1.370692796,-0.276682699,0.511876997,-0.560127208,0.258809401,-1.1159166,-0.844866875,-0.214909668,-0.734762005,0.341969343,0.569404823,0.653142034,-1.916056351,0.816596589,0.862574192,-0.412040836
1935,-1.103295692,-0.220972939,1.464624143,1.013636884,0.271302539,0.151511674,0.403575279,-0.783023066,-1.657352074,-0.502983619,0.068107454,-0.221641502,-0.25737253,0.440960133,0.695028651,0.143533843
1936,-1.081521665,-0.093232501,-1.188320372,-0.225797873,0.600662145,-0.439113673,1.214090756,-0.286606109,-0.036092642,1.273781791,-0.421160077,0.174336762,-0.00366581,-0.288345442,0.642628346,-1.229375569
1937,-0.494704383,-0.369985638,-1.40125312,-0.474362594,1.896999421,-0.197427916,0.44410288,-1.129429229,1.473570129,-1.466884216,-1.426105268,-1.188192193,-1.851239611,0.91834357,-0.943949434,0.174506863
1938,0.391963076,0.377400133,1.028013217,-0.527440365,-1.408760689,0.814130164,-1.142388417,-1.824540968,0.981801169,1.568541259,1.942614866,-1.724562804,-0.245806049,2.051946944,-2.162863272,0.355302745
1939,-0.013578611,-0.427512802,1.434996966,1.314257578,1.066210642,-0.002466481,0.718421907,-0.258304368,-2.885471175,-0.591207584,-1.803184904,1.82976178,0.429897258,1.847692369,-0.483188135,0.843224406
1940,-1.629349143,-1.035292324,1.441968825,-0.666191682,-0.010463364,1.126235723,0.54126506,1.166844641,-0.613033602,-0.095917785,-0.777566461,0.751347935,-0.838058447,0.47716113,-0.758083228,-0.216794143
1941,-2.29513394,1.12740686,-0.250930372,-0.267731336,-1.254145957,-0.27646745,-0.0421278,0.733976111,1.636065134,-0.891757699,-0.075426388,2.135804124,-0.819572554,0.979772644,0.193280772,0.166532309
1942,-0.283886595,-0.131443469,-1.24301309,0.412151343,0.298328645,-0.299430968,-1.278199016,1.416064195,0.261935398,0.011309775,-1.060165145,-0.650070574,0.343482186,-0.984213824,-0.002602825,0.661556686
1943,-0.504406013,-0.34123312,-0.454986804,0.013105567,1.892846593,-0.721467641,-0.609125518,-1.426951618,-0.703636154,-0.782993926,-1.414509602,-2.023104487,0.113995198,0.355008909,-1.247006554,1.062621533
1944,-0.246947968,-1.112449859,0.39174555,0.567702027,0.777061302,0.770310795,1.298267193,0.06799636,0.25504573,-1.194458434,0.737467203,0.423732631,1.083519123,0.802818494,-0.878348072,0.552489888
1945,-0.638517168,0.698055127,1.803377247,0.23908553,-0.654149839,-1.283624495,-0.32417514,-0.531016353,-0.576156368,0.378524161,-0.765971598,0.19903717,0.405840489,0.753712726,-1.530558315,-0.338694112
1946,-0.459035565,1.04574812,0.051268338,-0.879045722,0.515165755,-0.656067622,-1.472046368,0.248285971,-2.269422118,0.478468351,-0.471862359,0.484436821,-1.251934394,-0.046955691,-0.057022541,-0.251913519
1947,-0.247206777,-0.980068813,-0.634506093,0.430105536,0.76235655,-0.414377189,-0.545539596,-0.112165552,0.556207341,-1.976343434,-2.260405436,-0.219975548,0.001402795,0.409098205,-0.6825341,-0.871809575
1948,0.120392019,0.667777028,-0.847713569,-1.076208389,-0.36976912,-1.223453984,0.35757112,0.8171295,-2.049231001,-1.594752762,1.01211989,-0.893560185,-0.861420912,1.405917156,-0.57163483,0.222636662
1949,-0.549848554,0.600088492,1.103693249,-1.449007159,-0.553151896,0.412695813,1.761793682,1.873313472,1.21493566,-0.020757949,0.736511264,0.148961128,0.203947945,1.333247022,1.056376545,0.772477818
1950,1.233118751,1.392080047,0.793775721,0.156541694,1.687871625,1.154930125,0.752700735,-0.494346921,-1.233161843,0.487518283,-0.370694611,1.107707985,0.037850111,1.383006527,-0.858179589,0.236674376
1951,-0.432779207,-0.623608801,0.913938361,0.975633619,1.024156808,0.076675238,1.24310463,-0.747985433,-0.593990905,-0.547687328,-0.382461071,1.35776809,-1.041059863,0.410778782,-2.11117979,-0.694555971
1952,-0.145786668,0.616556915,-1.009358027,-1.019193041,-0.237993477,0.270498926,0.4707744,-1.376263051,1.415809338,0.904792189,0.63453881,1.169697966,0.354225578,0.132502672,0.80679565,-1.048738005
1953,1.047805511,0.957818916,0.631799303,0.475084263,0.139154688,-0.406136512,-0.864572681,-1.145801141,0.455090735,-0.651568128,-1.136840777,0.203803143,0.648634818,0.38743082,-0.864324867,-1.686908127
1954,-1.99876338,-0.23268486,1.808988624,0.526570838,1.345720991,-0.88261562,-0.625831416,-2.436275497,0.726024495,-0.38624741,-0.530808099,0.223682326,-0.374533339,0.375984399,-0.89653332,0.70358129
1955,0.920486237,0.145985805,0.485719011,0.337241319,-1.411479443,0.486114478,-0.478103229,-0.21958232,-1.539846083,-2.558135748,-1.58154984,0.566767065,-1.284417332,0.683507537,1.159302257,-1.518392199
1956,0.882325244,0.740946343,-0.103797818,0.325129281,0.316931612,1.99415455,0.537238303,-0.082121093,-1.338374338,-0.084843944,-0.433659042,0.110007612,0.019378647,1.218103362,-0.265239885,-0.151887367
1957,-0.738153447,-0.270367299,-0.868547887,0.956240674,0.174154412,-0.543448597,0.179062627,-0.291450372,1.231835505,-1.672455551,-1.242829373,2.800430752,-0.592868407,0.713566332,0.282372021,-0.197125331
1958,0.238938483,0.587708363,-0.567288057,-0.403152307,1.206673828,-1.110328406,0.518008788,-0.354580742,0.26053678,-2.129696951,-0.844922937,0.021779641,0.795015211,0.012334242,1.413571855,-1.786431667
1959,0.519778941,2.206165749,0.342058675,-0.317586473,1.061550227,-1.980322782,0.700138323,1.221226215,1.330084483,1.196362141,-1.019759949,-0.248471991,-0.112282575,1.557943415,-0.156425678,-0.231433978
1960,-0.03513853,0.596522506,2.128714939,0.70368368,-0.567553959,-1.98657059,1.09707005,0.709314213,-1.013730973,-0.360632979,-0.019119402,0.456791288,0.487939445,1.413893101,-1.506011144,0.578608743
1961,1.064600733,-1.100606967,0.125767973,1.132402816,-0.954120377,-0.662325535,0.887840051,0.388745298,1.746963454,-0.25722422,-0.16375628,0.177122572,0.379059806,0.019996413,-2.402967893,0.259349701
1962,0.322918256,1.051696192,-0.690285554,-0.334207171,0.887087745,-0.086320738,2.070651074,0.44747825,1.265217018,-0.821732855,0.924221159,0.736786266,0.04091168,0.736648257,1.756053854,0.350846228
1963,-0.09989175,-0.289333027,0.710842174,-1.642887237,0.646359919,0.167330487,1.336800161,-0.848117313,1.075463669,-0.532016552,1.592734649,-0.125022746,0.27582226,-1.233406821,1.885482558,-0.760356333
1964,0.876240687,-0.987174216,1.211768387,-1.057984317,0.106911198,-1.027272208,-2.176042891,-1.902473408,-0.081281171,-0.152403023,-1.765310569,-0.684234078,-1.991613948,-0.325702623,1.014144466,0.128388084
1965,-0.990956516,-1.382307845,1.43054726,0.256659543,0.154517122,-1.328558335,0.633709482,0.724153318,-2.143148453,-0.470039699,0.802270947,-0.538913727,-1.223032555,-0.692965717,-2.063570545,0.625387325
1966,-1.166168746,1.230112975,1.107381336,-0.64830036,0.922343407,-0.16608211,-1.141209878,0.281442398,0.631092995,-2.815596023,-0.569941296,-0.769257376,-0.161757594,-0.631685194,-1.028221536,0.279759731
1967,2.190208187,-0.085135948,-1.242860325,-1.216714058,-1.332188833,-1.373458828,-5.08629507,1.829207605,3.035024598,-1.686165845,-2.170273474,-1.532996554,0.199913101,1.433524988,0.033633107,-0.055610438
1968,-0.290373665,0.689842787,-0.887469221,0.725896226,0.009100797,0.15456583,-0.560603353,0.459594427,0.080628675,-1.897492843,1.061444785,0.550512428,1.114426999,1.50318549,0.050611908,-0.297502844
1969,0.847776446,0.090551173,-0.830434034,0.964894897,0.675277222,-0.943253462,1.428191506,0.377779271,-1.369214012,-1.548926824,0.787996408,-0.114413228,1.031105204,-0.491072389,-0.668685793,0.192395174
1970,0.941871413,-0.199205246,-0.551143448,1.014174009,1.066720888,0.119892469,-1.660614272,0.725330944,0.349632914,-1.520913976,-0.331832939,-0.354535353,-1.159731751,0.597542431,-1.915080674,0.066787501
1971,0.863065153,0.263636953,-1.131172606,-0.34273219,0.193431856,-1.040748538,-1.77037793,0.646149809,-2.745052899,-2.176738261,-1.08091282,-0.204458789,-0.477886379,1.280272346,-1.045068455,-0.776611205
1972,0.70078991,-1.096646405,-0.481181047,0.814339486,0.222564146,-2.897616983,-0.991984105,-0.455515998,-1.506075892,-0.960010932,-0.741142195,-1.38777577,-0.746261332,0.627959248,-0.995450834,-0.941972628
1973,-1.097803441,-1.074111248,0.863040113,-0.293496653,1.314263646,-0.403553007,0.922256364,-1.311547062,-0.462841966,1.259900689,0.713979004,-1.081101223,1.055092977,-1.655428528,0.213159814,-1.098745041
1974,-0.756472426,-0.314066715,0.332882065,-0.40519129,-1.377222628,-0.352379256,0.2192195,0.630547453,-0.721240943,-0.871708913,-1.889590904,-1.70724706,-1.095665846,0.936620567,0.091458379,-0.477794602
1975,-0.360159387,0.779029728,-1.75720873,-0.883588769,-0.229602688,-0.224250592,0.998319364,0.099606028,1.080747587,-0.612601061,0.836187694,-0.151104707,-0.479456253,1.945298453,-2.971145803,-1.158831013
1976,-0.396162932,1.574399298,-0.205539136,1.354697205,-0.444497415,-0.135436356,0.96811029,-0.682034408,-1.502854394,0.690152917,0.505106012,-1.763068591,-2.648562034,0.090137947,1.068156541,-0.472783548
1977,-0.987004193,-0.27276211,-1.031665269,0.56161293,1.815060187,-2.447534318,1.302981473,-0.030201864,-0.153614117,-1.578080831,-0.217381345,-0.134810046,-0.657109851,0.39261027,0.959261786,0.791161555
1978,2.271434808,1.489227319,-1.62061069,0.097069032,1.536731687,-0.224235851,-1.54576718,0.040022728,1.007796184,-1.51494569,1.307417712,1.195807403,1.176018554,-0.60371685,-0.255846702,0.811112751
1979,-0.93761754,0.508778014,-1.108173592,-0.039119757,-1.268824228,1.000768548,-0.962827209,1.233195789,-0.496664996,-1.062674409,-1.759666656,0.302523255,-0.439238914,1.878129635,-0.366509134,-1.091533829
1980,0.765502972,-1.562172637,0.102408515,0.069259873,-0.512016618,-0.455904293,-0.640429668,-1.847826552,-0.804665982,-1.008305375,-0.216129115,-0.674734054,-1.25758394,1.761313984,0.255500911,0.285456744
1981,1.347449631,-0.836748184,1.283669638,-1.20504446,-0.76882213,-1.17490077,-0.799672143,-0.944563008,1.749225398,-0.246319345,-1.531448669,1.223447281,2.441778674,1.314557134,0.335259604,-0.073603928
1982,-0.65404722,-0.361098854,2.454576035,-0.322571203,1.410956892,-2.298349519,0.713802766,-1.136208532,-0.473019395,2.226539117,0.289264037,-2.801031461,0.767377159,0.498344682,0.573474499,-1.427669316
1983,0.426982002,-0.002360192,0.192242103,0.910995156,0.013128914,-2.959294705,0.251828072,1.15906016,0.527226309,-0.362231103,-0.117924777,-0.213276434,0.365753558,-2.175316888,-0.135419955,-0.558032534
1984,-0.542003742,1.054640723,1.095724703,-1.195939397,1.514616935,-0.790461855,0.332965542,1.295328284,0.578808608,-0.607703798,0.972103497,0.903880522,1.134255753,0.138672761,-0.037094959,1.109711014
1985,1.690223756,-0.620848985,-0.455512865,1.278352232,-1.218909734,0.028012043,-0.050282122,0.341948073,-2.569653042,-0.445140206,0.234903826,2.153753729,-1.391526121,-0.54763388,-1.977330203,-0.571029507
1986,-0.224135153,1.623858172,-1.159703378,1.575477423,-1.642013235,-0.631826941,0.321174249,0.213593474,-0.398233116,-1.131687105,-0.212598865,-0.191759862,-1.789852444,-0.101261358,0.306393177,-2.196413458
1987,0.457878145,0.56426349,0.887678377,-0.295333611,-0.184672102,1.385658883,-1.900685727,-1.566747389,-1.626440744,0.316795793,-0.833963477,0.468566385,-1.337013243,-1.155500127,0.341517179,1.183310068
1988,-1.420327629,-2.289672052,1.555751078,0.077207319,0.624814166,0.028543083,0.324157562,-1.078507289,-2.257797569,0.31087459,0.459016009,-1.409272942,-0.616125889,-0.051740436,0.315813255,0.666784755
1989,-1.039642256,0.227312523,-0.185233431,0.204799881,-1.271015715,0.077289756,-0.725984143,-2.243544774,-1.673553422,-1.261223295,-0.157085329,0.81338772,-1.03317393,0.293121747,-0.666158833,1.019714662
1990,0.115807557,1.654312216,-0.990916065,0.24043712,0.794626899,1.071532469,0.177810595,-0.845151314,-0.117773929,1.305938315,-0.071247824,0.150120244,1.799708391,1.090852034,-0.635277805,1.166251624
1991,0.981315874,0.745974388,-1.055626581,0.050108894,-0.399712461,-0.48577909,-0.333801479,-2.227906588,0.430640412,0.095429848,-3.503219212,1.604390938,1.466352281,0.772714109,1.240080879,-0.647473467
1992,0.295028811,-0.355908869,0.366215617,0.625442379,0.591201963,-1.9623365,1.534313365,0.531362256,-1.406951913,-0.721215885,-0.183111484,0.297384278,-0.743337639,-0.412300818,-0.764445297,-0.128862762
1993,-0.465240917,-0.389159458,-0.112678025,0.855398645,-0.190235798,-0.717132915,2.285499541,1.46802448,0.615405109,0.795354667,0.934094649,-0.547836059,-0.525447092,-0.264942577,-1.031009101,0.199128147
1994,0.422258018,0.623070398,-0.501664099,-0.429008594,0.827494506,-2.52409367,-1.745637018,0.636757978,0.356519404,0.762055439,0.344548756,-0.290525459,1.664319947,2.130114506,-0.63504021,-1.063277326
1995,0.350476127,0.331812593,-0.418390078,-1.901921134,-0.749239959,-1.826197374,-0.622083905,-0.867725597,0.71082166,0.326190955,-0.340269475,0.298506032,0.415163689,0.402937817,-0.774299882,-1.143778609
1996,-0.146312664,0.592017115,0.579762402,-2.136247971,0.801897403,-0.485918513,0.812231967,0.021318673,-0.290195512,-0.620531164,-0.122240461,0.552416476,-0.281431585,-0.031199617,-1.434915055,-0.360628695
1997,-0.253150415,1.984666737,0.072325459,0.395715928,-0.542301041,0.431212635,1.471166941,-0.565060297,0.582523002,-0.991865157,-0.224269269,-0.875981573,-0.288725073,1.518774716,-0.393766142,-1.919538689
1998,1.002035491,1.777417696,0.667391919,0.491442247,1.022583606,-2.315376771,-0.042461315,-1.602359479,1.010727002,0.673805075,0.471481339,1.16342997,1.307683245,1.62615275,1.686994161,0.010036127
1999,0.325483872,0.580584943,0.067820977,-0.449499902,1.415929002,0.06096813,-0.511899305,-0.044546566,1.11502651,0.897409074,0.120846948,-0.613120412,1.783677165,1.137972159,0.758718479,0.017046284
2000,1.870675936,-0.053628479,-0.278188098,0.018864734,0.110855244,-0.732161559,-0.783499615,-1.23930233,-1.229494967,0.185012216,-0.047388651,-0.269533908,1.271039406,0.800698049,-1.355688173,1.241231171
2001,0.825793459,1.928203641,-1.382708681,0.223146097,1.692481097,-0.389609313,1.060305253,0.058810471,-0.212623424,-1.650666703,-1.320507571,0.233693581,2.232877104,0.874635863,0.113650605,0.217349517
2002,1.294828239,-0.195813201,0.766609271,-0.234191791,0.974637717,-0.732149385,-0.587384655,1.235835415,-1.917303247,-0.264408873,-1.089689005,1.730145754,-0.920633817,-0.088703439,0.958405069,-1.099154781
2003,1.432168307,-1.824699662,1.418336611,1.315985539,1.032751745,-0.176417181,0.607772479,-3.499693563,-2.020464657,1.526778134,-0.687125896,-0.766147878,-0.386824385,1.009352714,-1.089467471,0.234325784
2004,1.567256264,1.969830296,0.194241932,-2.369187801,1.259175569,-1.050452009,-0.330021445,-2.498730511,-0.425701211,-0.355474385,0.291004642,0.224064829,-0.926334558,-1.151522218,0.407448874,0.652613899
2005,0.606553388,-0.394160588,0.933681505,-1.360761528,1.434216862,-0.341678746,0.188091885,-1.376188728,-0.219696211,-0.827661516,-1.572556415,0.461947325,-0.264646775,0.570884429,-1.771956148,0.442892817
2006,1.29718326,1.792232527,0.576296804,0.465066059,0.795763914,-1.503984023,0.868978075,-1.956274842,1.083465062,-0.388095362,-0.358649536,-0.328904377,-1.571418927,0.181497897,0.631959708,-0.348324548
2007,1.223065323,2.750379674,0.831479866,-1.243151335,1.684903774,0.809016199,0.469876475,-2.349141972,3.101959254,0.341845011,-1.361287691,1.098873194,0.091702576,-0.697358691,0.9795897,-2.16951228
2008,0.210674519,0.54724933,-0.095187768,-0.095588027,-0.14853418,-0.856365379,1.67590753,-1.323199842,-0.547281313,0.220071881,-0.862646419,-0.000995761,0.305868973,0.360714688,-0.540698032,-1.33665107
2009,-0.666744854,-0.463151343,0.841367878,0.972427776,-0.572734359,1.182534888,0.545980947,0.952367798,-0.181550732,-0.62646359,-0.401828299,-0.580428429,0.681872994,1.212922676,0.012287689,-0.105725233
2010,0.10235367,0.676477756,0.648683294,1.185205361,-1.622312209,-1.003811465,-0.719892977,1.344211918,-0.094622063,-0.696802036,-1.287924086,0.571055574,-0.154777689,1.530290038,0.035142043,0.170684835
2011,-0.102120073,-0.709776329,-0.991894845,-1.740709223,0.545235062,-0.099258079,-1.690818081,0.180616264,-1.326542036,-1.947628097,-0.418271963,2.31045787,0.82864836,0.640391555,1.216725217,-0.093194032
2012,-0.778675768,0.616921442,-0.787759691,-1.15472069,-0.412201913,-1.238508404,0.213058945,-1.353015754,0.151473762,-1.249392731,-2.515927581,0.526345024,-0.972436004,1.486833948,-1.673135797,0.481970705
2013,-0.902696159,1.935053473,1.114436344,-1.015727568,0.217314426,0.154640142,2.739501481,0.009660156,0.381420208,-3.730707421,-0.591467168,0.032204238,-0.193615261,1.872303408,-0.832526434,0.912988776
2014,-0.905452938,-0.223848565,1.965992045,-0.65602746,-1.144252443,0.013433429,-1.401143187,0.513560774,0.637031575,-1.490384416,0.168520108,0.177451401,0.453276681,1.097563865,-1.79358427,0.717560375
2015,1.976444125,1.877992901,0.152103348,0.587848845,-0.106338449,0.247978585,0.28488248,0.32220152,-2.542419053,-0.243545773,-1.006858547,0.086899142,-0.929260037,1.774531862,2.277584968,0.083284023
2016,-0.340644626,0.404023015,-1.028567142,0.597910527,-1.889814864,0.045419982,0.959269276,-1.252737617,0.910408504,-1.981187709,-0.771396338,-0.182929208,0.005791995,1.70169229,2.017502892,0.565965484
2017,1.014395955,0.804953829,0.337624601,-0.713878625,-0.119885262,-0.912389841,1.628408356,-0.895524544,-0.087448339,1.380353158,-0.059230947,-0.489777352,1.465459358,0.942973583,1.364508977,1.324163752
2018,2.891315563,0.535499742,1.854941185,0.858889382,1.140179962,-0.516517788,-0.131697075,1.40478749,0.357806818,-0.248066368,-0.184533197,0.188519551,2.356484734,1.465253389,-1.098568728,0.296838278
2019,1.151288969,1.55345141,-1.211470915,1.077689841,0.567864311,-2.461438732,-1.161555547,1.878536525,-2.061128159,1.505806946,1.041219476,0.594555592,0.041398119,1.641843666,0.808380582,-0.539523389
2020,-0.067877379,-0.16262729,0.115024488,0.589817105,0.367059295,-1.016243425,-0.502547005,-0.560177282,-2.142697393,0.480533895,-1.21062361,-0.130800731,-1.285185065,1.832511331,1.839138322,-0.875104619
2021,-0.733278148,0.271683372,-0.017471079,-0.850759138,0.410701877,-2.83642716,-0.66481799,0.518104889,-1.781956168,1.785638808,0.314864227,0.891559619,0.817166907,0.112847075,1.905713976,-1.557013269
2022,0.69518641,1.574021841,-0.496029225,-0.374011759,2.021966497,-3.48671638,0.893355255,0.258622954,-0.311935491,-0.58971966,-0.97997638,1.600116742,0.704185632,1.621748334,1.928395275,-0.265764575
2023,2.210705479,1.750902431,-1.084319883,-0.16686424,1.230051786,-1.260593697,0.558505002,-1.119932649,-0.465086791,0.483014568,-0.765269472,-0.128092769,-0.956522823,1.309237591,-2.934786248,1.286268161
2024,-0.322487561,1.424256936,1.393518781,-1.39257444,-0.733167479,-0.435937123,0.165966038,-0.200455045,0.602358478,1.740833124,0.68960897,0.96975767,-0.280648732,-1.326188476,0.060252478,-1.465479245
2025,1.049298168,0.967694054,1.872629517,0.109179083,1.015572408,-1.602811603,0.066748373,0.448629259,-1.308041182,0.155823842,-3.286682884,0.633971584,0.951901444,1.643039778,0.81563726,-1.507800014
2026,-1.387500399,1.362123368,-0.334042821,0.344854387,0.393689197,-1.312154335,-0.316897326,0.430057376,-0.807339106,-0.771358289,-0.60454642,0.31022527,2.057343949,0.59258152,-0.824203646,-1.668231438
2027,1.002454098,1.586542947,-0.074749554,0.112860935,-0.089098333,-1.172427106,2.245213703,0.401713547,1.177876124,-3.137305272,-0.298803488,0.610532427,0.694689473,0.602763012,1.030585646,-1.310396249
2028,0.6493227,1.309081907,-0.495699298,-0.644857994,-0.479054788,-0.055380863,1.680191845,1.393996461,-2.505334066,-0.168454332,0.750998746,0.370368794,0.290745833,1.627383598,-0.661310941,1.455360849
2029,-0.379984812,-0.668423462,0.456324529,0.05437776,-1.379383927,0.66197488,-0.25769736,-1.96338828,1.435446324,-0.396742734,-0.15737392,0.061538168,-0.030531866,1.590074048,0.755231894,-0.127220974
2030,-1.253000612,1.029974032,1.804078505,-1.104493581,0.604580362,0.662518525,0.720107275,0.068550188,-0.208480295,1.417662031,-0.776532238,1.149676954,-0.781043207,1.610412633,-0.567604043,-0.64870293
2031,1.165003581,1.822975478,1.043812283,-0.460932234,0.209712715,-1.025891509,1.666883224,-1.783523374,0.130970582,-0.237551366,-0.163574072,1.716188404,1.762811659,0.306093566,1.284534769,-0.164703346
2032,0.929378357,2.460649793,-0.539938082,-0.500375622,-0.083653238,0.329473417,2.465338083,-0.118555948,0.613708068,-0.395071723,-1.960614551,0.253598507,1.036688496,2.532076821,1.141245465,0.982182371
2033,-0.543413367,1.097161109,0.15221459,-0.078929211,0.088312867,0.410448152,-2.650597194,0.265686077,-0.216003117,-1.204514729,-2.122200675,1.470450887,0.602836643,0.987541553,2.637061388,0.717132624
2034,0.17719378,1.349356884,1.819186175,1.747640381,-0.28541125,0.298499516,-0.861011025,1.051167615,-1.334435123,1.210686324,-0.121722776,1.400426786,0.850665547,-0.248798903,-2.631116297,-1.996348796
2035,1.329985904,1.171227406,0.619057646,-1.733275881,0.560173301,-1.802891726,0.212882847,-1.372577651,3.571088476,1.461215717,-3.054279792,0.011730669,0.509026046,1.306278291,-1.089797528,-1.57320601
2036,0.891971575,1.232233182,0.772592663,0.330579637,0.053164884,-0.842689383,0.669993719,1.137675039,0.360301025,-0.514864374,-0.748048633,0.752369714,-0.372459643,0.488589093,1.084151257,-2.181358981
2037,-0.561283706,1.501489516,2.407862663,0.420418212,-0.281955122,1.060715798,0.408115489,0.172478319,-0.653603702,-1.731685362,0.81382529,-0.576856515,1.305207109,2.20044529,3.707812032,0.575918481
2038,0.050597582,1.50052233,0.463612459,-0.296598109,1.207347691,0.574133024,0.195064125,-0.42212476,-1.516129034,-1.349485281,-0.351754885,1.291905957,1.429323303,2.072913887,0.013930747,-0.126228183
2039,-0.406787232,0.937589876,-0.167217834,-0.501145652,-0.933333467,-0.396912167,0.334391925,-0.034098125,1.78362452,-2.123439979,-0.891646098,0.09549473,-0.181720776,1.46649671,-0.716305886,-0.429281517
2040,1.650133971,1.100532815,1.365838967,1.095913072,0.901802906,-1.122211133,1.588568757,0.891897834,-0.686746525,1.173288751,-0.19378722,0.04941712,-1.046366991,2.289556488,-0.477696605,-0.050409362
2041,-0.957676259,0.900353121,0.621873232,0.158988434,1.133619951,-0.180020935,0.952468981,-0.88005844,1.222985555,0.777194713,-0.33936314,1.956427791,1.202185565,1.973657974,-0.232863017,-0.284983367
2042,-0.855109434,1.366363237,-1.350773192,-0.589299711,0.542009304,-3.330875347,2.025948486,0.076286099,2.701028834,-0.667648715,-0.684763088,2.050040607,-1.900236606,0.845920688,0.065576794,-0.145640919
2043,0.205935714,0.410924346,0.187575395,1.047612986,0.258705188,-0.59234857,0.985980266,0.683784728,-0.725049702,-2.235620839,-1.175267343,0.50063235,-0.549768927,-0.07752,0.61413874,0.408368758
2044,0.18339135,2.692020827,0.872733658,-0.047048114,0.256013267,-1.400152997,0.180025904,-0.494151715,0.127425044,-1.764274461,-1.465544196,-1.841489982,0.542227214,-0.452684242,2.955152435,0.522963439
2045,-0.788084522,0.758806135,0.472798694,0.048907842,-0.452624109,-1.095153221,-0.768983648,1.343197076,-0.016494863,0.152452893,0.553844367,0.47390372,0.527559745,0.427852403,-1.076885677,0.722796915
2046,0.441944902,2.597033996,0.613621002,0.402417127,0.817963965,0.594932797,-0.262085904,0.835493337,-0.538194091,-1.454981533,-1.38243834,1.117444085,0.533863728,-0.412992497,-0.655642859,-1.776776381
2047,0.338278667,1.782550375,2.067764693,-0.168016817,0.014602412,0.580894861,2.108531835,-0.502418038,0.678183522,0.805732391,-0.708448928,1.289912116,-0.614228526,-0.232616184,-0.0550906,-2.097700566
2048,2.282513416,1.623731077,-0.254193519,0.665333645,-0.775881783,0.383887126,-0.452686436,1.294523052,-0.590844426,-3.153199845,-1.086197716,1.651523712,0.455417602,-0.614400306,-0.106342893,-0.509686917
2049,-0.495595116,1.7131041,-1.347552555,0.652666675,2.080223505,0.896202919,1.150185467,1.751582488,-2.104617991,-0.70603128,-2.145542496,-0.985295252,-1.278800178,1.546087597,1.508926303,-0.094016061
2050,0.170568781,1.773276649,0.526728783,-0.149052098,1.68362125,-1.105783298,2.292083238,0.669591634,-1.065595196,-1.185484215,-0.081238981,1.338806019,-0.185281669,-0.332672383,-0.519028353,-0.725562381
2051,-0.1448034,1.412366075,1.070173975,1.370989108,0.019268918,-1.124785964,0.770857035,1.241880747,1.71774281,-4.089311133,-0.312234684,1.632424865,0.693174682,0.714722155,0.560214176,-0.116324896
2052,-1.38910442,2.092214565,0.294123069,0.389160151,0.077447928,1.493244368,0.359176469,0.40541799,-0.317505038,-2.183672876,-2.93106069,1.328727279,-0.386379938,0.285044866,0.489550762,-0.28194006
2053,-0.425572533,0.447447232,-0.177239736,0.724145949,0.467039964,0.010824266,0.986710613,2.294970196,-1.74671531,0.376485624,-0.55859465,-0.7061523,0.43663842,2.484634193,0.263045201,-0.888389628
2054,0.287035706,1.849626051,0.361799935,0.301584797,-1.692968548,0.507647477,-0.315983004,0.56237167,1.567948432,-0.148517022,-0.69721952,0.253452594,1.74577353,1.379538819,-1.702753612,1.966237732
2055,1.292126897,1.074838448,1.799697509,1.300653796,-0.03512014,-0.75453452,0.846649482,-0.332019239,0.576023203,1.429344513,-0.619825752,-1.175081408,2.409353472,1.847958711,0.573844253,1.376809644
2056,-1.562616246,1.763623117,-0.548519596,0.925032746,0.143664164,1.368509163,-0.267662249,0.399084006,0.133664117,0.024958008,0.364759317,0.998670992,-0.028933445,3.020077364,0.473799465,-0.249147262
2057,0.97312736,2.470983994,-1.326649907,-0.492392208,0.422719296,1.615052868,0.188971822,0.930948864,-0.243511258,1.126443394,-1.850026378,2.142022759,2.492797185,1.596634621,-1.603505653,0.818424441
2058,1.106971572,2.404471611,0.314399167,-0.683589532,1.225109815,0.712253118,2.060596706,-0.309067517,-0.052397422,-0.994035754,-2.915247567,1.321275485,-1.408046403,0.66134887,2.036588266,-0.674848476
2059,-0.817954569,0.756296079,1.119651842,-1.35169231,2.018353437,-0.915452758,1.765910437,0.097409991,0.661322688,-1.096786357,-0.378315972,0.103244241,-0.433320069,1.29775919,-0.688956412,0.380295747
2060,1.534946301,1.932207236,2.0996555,1.516190177,0.184680715,0.46931475,2.271277701,2.867308931,0.029916223,-1.123910123,-0.220269007,1.364617083,1.314480114,1.483090186,-1.067936789,0.124169429
2061,-0.622373549,2.202460794,0.915132264,0.7254214,0.626759062,-1.20619721,0.253304357,-0.409337446,-1.097496737,-2.788714686,-0.184372166,2.143845985,0.443326578,1.531788858,-2.188931757,0.334661383
2062,1.609255157,1.27573423,1.131686781,-0.096130971,-0.363598296,-0.537557886,-0.40327405,0.905158915,-1.6750835,0.596202448,0.25340203,-0.645110956,0.382846917,0.634208161,1.396970889,0.086603736
2063,0.159857479,-0.495968674,-0.098907989,0.535228388,0.016464649,0.931507508,0.078997145,0.216528268,0.016617705,-0.583202215,-0.869433092,1.149041656,0.96667469,1.90438322,1.822246252,1.446831461
2064,1.188557512,3.003289874,0.507989765,-1.66439576,0.934772507,0.37918156,-0.863100689,-0.482859954,-0.636252777,-1.785954174,-2.121187979,0.821143355,2.295804552,2.013879226,1.72605834,-1.189395671
2065,-0.843333398,1.377411463,1.193025436,-0.025340223,1.606850913,-0.530339135,1.754671119,0.329263691,0.56876857,-0.891038947,0.349764336,1.222760997,-0.969436295,2.111296804,-0.596589966,-0.395754578
2066,0.615223452,1.45247519,0.980241428,1.150540401,1.083472433,-0.573780952,0.729781562,0.115122001,-0.942129428,-1.183599397,-1.370920657,1.542582488,-0.191618986,2.079555153,2.629000893,-0.298328011
2067,0.226460756,0.642652311,2.261101703,0.322281943,1.050690435,-0.134502213,0.318851153,0.805694272,0.425812853,-1.375969893,-1.765227555,2.246631112,1.149464016,3.086530216,0.834995046,0.004087489
2068,0.227458823,-0.066380694,0.054910413,-1.64475425,1.661914514,-1.048329462,0.780813437,0.345933747,0.690595519,-0.252706743,0.249556049,1.955272439,1.059057561,2.40943714,-0.309836833,-1.584097103
2069,2.224512895,1.985831486,2.044355467,-0.363475038,-1.180933607,-0.859501962,-0.060500236,-2.858531964,0.514757344,-0.599013953,1.223557294,0.777484653,-0.449591707,2.572295095,0.403251004,-2.152133286
2070,-0.475811387,1.936874271,3.501716856,1.135081972,0.746337352,-0.493008783,0.713860784,1.000812124,1.885806979,0.268173856,-0.336751278,0.638009785,2.417312025,0.919728759,1.632820715,-0.374468531
2071,0.243677399,1.518028029,-0.384635206,-1.324129769,0.015628446,-0.354113699,-0.311803979,1.092874871,-0.34526817,-0.632887814,-1.596820122,3.242737449,-0.995521211,1.12014259,0.89058464,0.297385174
2072,0.770007068,3.055846454,-0.666114493,-0.578149607,1.265037943,-1.090869325,-1.555752875,1.218852824,-0.565129047,0.264227168,-0.037748766,3.093619644,1.618390114,1.814959624,-0.611949317,-1.036461845
2073,-1.623207271,2.357110687,0.774096758,-0.431601131,1.327390674,0.745329576,0.585142375,2.018329388,-0.594950324,-1.832760016,0.505428708,-0.230412458,0.538129422,1.938216565,0.371445696,0.581385075
2074,0.162380364,2.660955457,0.530022763,0.185744925,1.218287608,-0.098751261,0.974739605,0.797998824,-0.400585337,-2.041635977,0.825322944,2.286679354,3.401893056,1.61958612,2.666364089,0.065921379
2075,0.768788477,3.570158638,-0.045891969,-0.03413268,2.074431716,0.15396429,-0.147670054,-0.633585263,0.62614002,-1.537357759,-0.918478993,-0.628049129,0.976951313,1.49481017,0.380709927,-1.082875123
2076,0.835570184,2.393970856,-0.103646902,-0.469074807,0.449864896,-0.923609729,-0.021412384,0.387587108,2.648513281,-0.469893499,-2.737114871,0.541167683,2.381538528,-0.358716364,-1.272584401,-0.977127898
2077,-0.132448414,1.63705323,0.918673392,-0.554097135,-0.176269412,0.075704754,1.592717656,2.303035941,-1.2777099,0.504665452,-0.079916608,-0.67930334,-0.075487071,0.805407043,-0.143835821,-0.698476874
2078,-0.239741257,2.655427915,2.582654401,-1.253295123,-0.065613806,-0.65338627,-0.296258608,-2.388892242,1.437242014,-1.985144186,-1.099088446,-0.448868661,0.974242967,1.338962945,-0.493278043,-0.060773232
2079,0.999063766,2.343575792,0.993036693,0.05945796,0.320920583,-0.133131858,0.864272256,-0.335667783,-0.289764687,-1.054878108,0.54137304,0.21590465,1.420383573,2.775619834,0.068519093,-1.293819926
2080,0.719922296,0.571673203,-0.319942586,-0.075532871,0.101736206,0.186585272,1.20986862,1.787346744,-1.20013393,0.891669255,-0.038852826,-1.28257368,-2.354202805,1.341924724,-1.511756637,1.265072176
2081,0.916703903,2.53046611,0.213958392,-1.219982222,0.926214679,-0.734292713,0.165716991,-0.267221699,2.46178319,-1.239360844,0.195108884,-0.581251883,0.684130167,2.379836809,4.428953279,0.95310873
2082,-0.524882859,1.70664781,2.321174738,-0.337653509,1.218582645,0.193544101,0.298630674,0.261987086,0.449279475,-0.094883459,-0.923777146,-0.59106972,1.744248228,3.25035058,-1.483080131,-1.508236805
2083,1.416930669,1.782678855,-0.337194217,0.089690053,2.549704441,0.181251045,-0.926536264,0.659447719,0.182504172,-1.02717232,-0.694185101,-0.145721693,0.553477002,3.683795869,-1.731321737,-0.507741894
2084,2.390465219,1.601323125,0.077935358,0.588711232,0.937707077,0.61924169,-0.313542783,1.116116597,1.366755227,-0.89406391,-1.408565328,0.45360915,-0.366447083,3.472913655,0.000139033,1.47598564
2085,-0.588330875,1.527835172,0.7401683,-0.668232166,-0.267475308,1.090638045,0.054373752,-1.667596441,-1.736036756,-0.266100716,-1.029727341,0.907693077,-0.30116971,2.76159528,-0.860809943,0.503697574
2086,0.498087593,1.918789216,1.865187284,0.592084361,0.299607501,-0.257449025,-0.687197522,3.038547661,-0.735512709,-2.265880635,0.850830413,-0.45537683,1.744400518,3.131379947,0.628992497,-2.488355517
2087,1.616544872,2.189120539,0.203075582,-0.36291485,1.491298938,-0.919849435,-0.116784902,2.085332211,2.055617716,-0.220059635,1.303258725,0.883444323,1.335873544,2.607109234,2.043895545,-2.875588935
2088,1.020370806,0.578698332,0.270490135,-1.476390536,1.306085845,0.260032866,-0.501770349,1.849701928,0.30132783,-0.355451003,-1.217205068,2.75324657,0.589345148,2.966651738,-2.285970263,-0.556648328
2089,0.376008096,2.393985689,-0.449946382,0.23236729,1.323634381,-2.033004177,0.680711245,1.215389049,-0.105847128,-1.700179434,-0.433275362,1.746202802,-0.007859001,1.905607324,-1.484092372,-0.719178463
2090,0.510181329,1.763504802,2.05698632,0.049157974,1.277073489,-0.76158481,1.542806032,1.141377438,-1.547457877,-2.026316445,-1.644689379,0.66926241,-0.93202223,2.638473789,1.014904117,1.355569502
2091,-0.716936849,0.893623913,-0.560069718,-0.839766233,1.516638628,0.598356742,-0.23780397,0.822355561,1.766570517,0.295242293,-2.642554341,-0.191193246,-0.51005788,1.603797518,1.365104299,0.899613775
2092,-0.086075265,1.571885744,0.226451048,0.756984228,0.278921541,-0.757651765,1.272973234,2.157780196,-2.094504838,-0.155603524,-0.264046971,0.173282347,-1.090858807,1.804273628,-0.004760975,-1.466349404
2093,0.591136073,1.040536196,1.485328721,0.880356054,-0.010760365,-0.192703537,1.846256353,1.095576166,0.649105838,-0.929602696,-1.253359601,0.276346695,2.670822427,3.012929647,0.236219032,-1.320906229
2094,2.216016012,1.579592858,1.124791852,1.565663569,0.493951286,-2.278696692,0.783399465,1.065736165,-0.310770047,-1.34219253,0.499449673,1.567670426,0.253402022,1.68894916,-0.476824865,-0.200627565
2095,0.828949257,1.064683753,0.422861705,-0.030774186,1.214108771,-0.280241215,-0.480162034,0.519157952,2.265845149,-2.480155696,0.011970815,2.201293955,0.915767844,1.948267087,-1.110713865,0.941818309
2096,0.742417695,4.048289669,-1.227722935,1.587235509,1.141016904,1.226064647,1.928897769,-1.035765196,0.771315855,0.135525308,-0.688432622,1.201334365,-0.976906284,1.125903598,1.329599522,-0.269186323
2097,0.312382086,1.478507751,1.013707824,0.313569096,-0.722964304,0.108086555,0.400261903,0.283299988,-0.827382884,-1.113234183,-1.221766024,1.045921269,1.233327193,1.742581411,1.671663807,-1.927623122
2098,1.869784745,1.588105833,2.290705959,-0.417813715,1.963699275,-0.626764922,0.305759368,1.206822872,0.018720595,-0.749846804,-0.519836027,0.805590832,2.384266984,2.237057503,0.681633865,0.101013814
2099,0.038124275,3.294507639,-0.142967423,0.951859547,0.830360884,-2.167769988,1.67422835,1.753316186,0.205154779,-2.741719524,-1.520797445,-0.977817467,1.136298379,2.792437489,-0.4514159,1.955762711
2100,1.286932651,0.982279692,-1.23004147,-0.19998699,-0.275289827,-3.203186514,-0.05746773,2.41652137,-0.385082485,-0.345244395,-2.463302136,1.701167093,1.20775789,1.884394776,0.402433151,0.819631802
2101,-0.452061132,2.536182945,1.324336554,-0.733888635,1.271974156,0.642160651,-0.694582571,0.73534264,1.054362247,-0.114871209,-2.676121043,-1.346504276,1.409648912,0.516927273,2.347156537,-0.339526576
2102,-1.722325272,1.506468621,2.320179729,1.138832559,0.769448012,-2.243924899,-1.942813204,-0.4411728,-1.00417612,2.187283324,-1.36191678,1.089544553,0.443646307,1.74192728,2.60003427,-1.935995111
2103,0.230401011,2.386844991,0.699677296,1.619869564,0.024649755,-1.596957613,1.261057492,0.874338238,-1.308757844,-2.081457928,-0.695976837,2.196547542,-1.414776017,2.035401211,0.825931564,-0.290700052
2104,0.857784468,2.281335836,-0.486762719,1.231690052,1.444865058,0.221450043,-0.64140411,-0.433017675,0.904534521,-0.362114887,-2.712739845,-0.009664249,-0.141389942,2.789076685,-1.08146112,-0.188622733
2105,0.221083671,2.69647705,-0.201692473,0.939132584,1.07586588,0.455880389,-0.062459939,0.820785526,0.977395947,-1.160476494,-3.849901854,0.58804432,1.019071182,2.475944045,0.02734951,0.027092868
2106,-1.613510263,1.169063395,2.740618169,0.958630132,-0.35946865,0.323331146,-0.194903816,0.916554313,1.328208422,0.327714919,-0.177057231,2.078465581,2.21283989,2.578676884,0.285028974,1.138670622
2107,-0.002883312,2.164857481,1.44693892,-0.501143486,0.25791658,0.379164803,-1.012571298,-0.119652555,0.145876527,0.863393325,-0.333058776,1.734016114,1.978278594,1.706688192,2.778214132,-1.525943222
2108,0.812350138,1.466947127,0.999982744,-0.33123252,0.495150329,0.466424645,-0.531703794,-0.870908867,0.212326485,0.028245257,-0.509274448,0.826927851,-0.160685876,2.445190537,1.232887955,0.69104142
2109,-1.187956797,1.090959638,0.285505762,0.897452153,1.145070722,1.247792536,1.802061013,-0.060040367,0.169564699,-1.487746529,-2.602629996,1.632280308,0.457544822,2.500243712,-1.205407834,-0.514491948
2110,0.060196413,3.024332408,1.409213296,1.419199065,-1.275200355,-1.604468435,-0.840351212,1.283569192,-0.472400494,-0.859192161,-1.332553895,1.251532964,-0.051712323,2.610310955,-0.771323865,0.052004228
2111,1.581610525,3.11569695,1.16613657,-2.044996203,1.731266494,-0.714703136,0.491161244,1.354657664,-0.241843519,-0.793181643,-0.50161109,-0.604666554,1.12336659,2.220606428,2.474419561,-0.301642785
2112,0.005273251,1.153662984,-0.820723421,-2.544675264,1.160306603,-1.030377492,0.067130736,-0.171288131,-0.684790538,-2.070431908,-1.333121145,0.949427108,-1.287018452,2.455735836,-0.346234448,0.153841565
2113,2.577694629,0.887720459,0.678943101,0.708136235,1.747608507,0.471169845,0.155676269,0.896753078,-0.453729489,-1.628782364,-2.295207036,0.689477368,-0.03582034,3.358513393,-0.824300263,0.901000509
2114,0.264695456,1.318960783,1.969127845,-1.300528441,-0.349203942,-2.181347266,2.256025453,1.522773236,-1.014119217,-0.098267544,-0.497067105,0.045173789,1.737716659,2.594955975,1.132215248,-0.709393276
2115,-0.397857455,2.331576603,1.058281013,-0.227922839,2.207296501,-1.534362697,-0.612398469,-0.257644846,0.460331119,-0.818149123,0.028884595,0.123890958,1.458481658,1.223100851,1.946381685,0.432034126
2116,1.265448578,0.900905456,-1.404326103,0.521211901,0.657391762,0.576137241,1.49567115,0.135157779,-0.441590981,-0.685072998,-2.296308885,0.784020539,1.055207862,2.208349294,0.211164194,-2.331912828
2117,-0.194381852,2.757182534,0.591041837,1.124433587,0.417455401,1.08012818,0.868332773,0.943802653,0.057263425,1.190830205,-1.888230243,1.475713183,2.008612739,1.714019357,0.568444909,-0.858313063
2118,-0.375505288,1.893555844,2.297017178,0.218324272,1.221491174,0.62930889,0.015766038,-1.511606231,-0.111237231,-2.184143164,1.066542928,-0.379835173,-0.229080628,1.357546467,0.749824739,-0.238854588
2119,-0.188455224,0.834266191,1.699802418,-1.167010305,1.538052347,1.157545973,-1.264543481,0.508864659,0.193654807,-0.941032462,0.155690352,0.070890039,1.850822742,3.476898679,-0.211798631,1.346161002
2120,0.119727289,2.667613195,-0.842840772,-0.434255415,2.104650417,-0.798304057,-1.512238789,-1.205712238,2.222341395,-2.543688767,-0.520655747,0.782509149,2.264932302,2.270235813,-0.775698376,0.784259156
2121,-0.355298743,1.928041746,0.43015646,-0.262979342,0.664598918,2.063966094,-0.251738793,1.064845747,-0.655527851,0.134103777,0.883635559,2.2671894,0.258574839,1.911794046,2.56100165,0.928245053
2122,0.950631206,0.836197794,0.072606085,-0.777531891,0.999469726,-0.797853184,0.775829987,1.282158453,0.682218313,0.260286704,-0.425748145,0.145855835,1.995411204,2.158843125,-0.079705695,-1.365453865
2123,2.888053596,1.803357327,-0.356801058,0.590910845,0.208921472,1.357535047,0.921250873,-0.211299177,-1.166979816,1.508506058,-1.846944796,0.486592634,0.374216721,0.906820527,0.90226973,0.738448389
2124,-0.227879739,3.911832216,0.89018931,-1.674163175,-0.567861469,-0.132001474,0.567455724,-0.146050487,1.121401453,0.033156741,-2.457688076,1.338385478,0.385743672,2.168825068,0.039040242,-1.001694207
2125,-0.311188799,1.799272539,3.092249646,1.295666121,-0.453237057,-0.001259684,-0.283620306,-0.447525761,0.539471023,-0.18363341,-2.863093752,1.153721392,1.471298607,2.064064085,0.986948052,-0.652712465
2126,-1.080340831,1.386136921,1.008479076,0.002915318,-0.571151148,0.464760043,-0.922644817,0.716798081,-0.292516877,-0.474366532,-0.485149935,3.748196946,2.009289785,2.186737981,0.316344874,0.934990558
2127,1.106007513,1.921256202,0.030669175,0.332341355,0.024343127,1.030363014,-0.326008572,-0.065190548,-1.090436412,-0.941702209,-0.076942614,0.560293069,1.005909418,2.004722367,-0.848755427,0.633459679
2128,-0.169358924,2.941481771,1.142501087,0.523378599,0.26145916,0.35527313,1.408270207,0.412450301,-0.325186728,0.959591738,0.124090466,0.660267847,0.67806248,2.766592635,0.985365448,-0.540546491
2129,-1.000204382,1.48117174,1.514879704,-1.435367519,0.10971277,1.078706843,1.294426413,0.97238697,1.257363304,0.35719879,-0.252017222,-0.908927286,-0.682719095,2.242819366,-0.161538036,0.034298538
2130,-0.736184268,2.202022662,1.100749662,-0.042934483,0.677010459,1.329256029,0.552164237,0.401241603,0.631745701,-0.033286711,-0.952342647,2.064282832,0.241670272,3.536284163,3.492508799,-1.753652401
2131,-0.375351275,1.951511221,0.688413246,1.406717213,1.263174737,0.408331326,0.398048877,-0.225758526,-0.62177037,-1.412524513,-2.968500643,0.956805647,0.389360677,2.610042405,-1.053251419,-0.803371747
2132,1.590664641,1.411779,0.912511263,0.393857162,-0.670396296,-1.902324691,0.962314513,1.858233141,-0.642517281,-1.498864695,0.16222433,-0.710005687,0.85400827,3.471863476,-0.983011089,0.965837513
2133,-0.74912671,2.912014906,0.495358803,-0.740335982,-1.051378359,-0.711452827,1.918094638,0.118802501,1.220304286,-1.289121142,-0.27537313,0.832419122,1.635180503,3.591760151,-1.283426376,0.948878403
2134,2.368433903,0.865733132,0.556543062,0.593023381,0.654723809,1.249866316,1.342828406,-0.362222768,0.710496988,-1.390443294,0.816154219,0.913928151,-2.112988808,2.563671352,1.758500799,-0.34170124
2135,2.107654926,2.1652438,0.967125362,0.913639259,1.879436193,1.064399578,1.693755916,0.037339837,0.118918345,-1.154064787,0.356611683,0.359928013,0.565088944,2.471614493,2.998734866,0.392244047
2136,1.710966447,1.697543128,0.959122401,-0.639092585,0.372694447,-1.176344506,1.183188045,0.776869773,-1.007218018,-0.270653028,-1.779409826,1.467165266,-0.637720965,1.100096819,-0.231656509,0.860958722
2137,-0.577291751,1.821186929,-0.210888323,0.391680307,0.0290941,0.425137127,-0.528934524,0.7165955,1.63137358,-0.408816434,-0.28571115,-0.091158477,-1.026753461,2.35098721,-0.340072022,-0.094787712
2138,-1.311344609,2.405664619,0.72880879,-0.108329082,0.244391997,0.277465498,-2.158159963,0.519678912,-0.396276395,-0.882088619,0.255515077,1.405602671,2.717798185,1.800678111,0.507854469,-1.276242672
2139,1.955776776,1.953853253,1.526116839,-0.067433607,1.248273202,1.700949579,-2.360552042,-0.223218716,-2.694843042,-1.513102787,-1.410052785,1.831325894,0.934773862,2.221556896,0.401337647,0.282694292
2140,1.288303516,1.027056612,2.548714974,-0.503071479,0.852350807,-0.12310362,-0.973334606,0.768018131,-0.208144725,-2.318851362,-0.545654807,0.241327154,-0.444195458,2.108873267,0.850392028,1.004993644
2141,0.104518655,0.950511861,-0.36823215,-0.197674925,0.967289632,0.076220985,-0.632442437,0.85542241,1.31226219,0.393205137,-0.984207563,1.005947471,-0.343289234,1.922928196,-0.578113885,-0.743735133
2142,-0.50838659,1.322674541,-0.148376941,0.308410953,1.934889595,0.422752469,-0.320582542,-0.802929928,2.114622075,0.400928771,1.133650932,1.082907543,0.432226133,2.722436469,0.583564454,-1.618525314
2143,-0.184496819,1.72727536,0.301289777,-0.045094072,0.592120727,-1.641191953,-1.07108917,-2.07363882,-0.406226219,-0.541816317,-1.036820775,0.22672149,0.240268315,3.032628599,3.086546327,-0.398149935
2144,0.614162099,2.084791663,2.324955346,0.876901436,1.559566406,0.120406366,0.033500374,0.410930926,-0.053467787,-1.308549705,-1.502943842,1.108282509,0.267520266,3.156233901,-2.301364137,1.507465265
2145,0.229764535,2.889929008,1.214992431,-1.708817073,1.219328959,0.391256383,-0.066135942,1.272644294,0.17020573,-0.636014174,-0.153555707,0.183785553,0.825722087,3.068993039,0.036931412,0.565221686
2146,0.224803955,1.986135796,0.415857377,0.28506704,0.68800125,1.289114181,-1.632278917,0.233478736,-0.633335922,-0.55226852,1.667888385,0.682324281,0.68549463,2.507346543,-0.627228589,-0.026891505
2147,0.10245842,1.702790543,0.695547763,0.436725461,1.20762748,0.604740002,-1.258492914,-0.11013841,-0.412405042,-2.002976447,-0.488737495,0.470873814,2.548531784,2.840094952,0.951038546,-0.958381059
2148,-0.688818192,1.65002205,0.523947184,-0.385725575,0.569747202,-1.209974866,-1.283197133,-1.540188438,0.896736213,-1.061163213,-1.250110973,-1.130535276,1.217142097,3.820599055,-1.176414489,-2.132003769
2149,0.526413462,2.737207416,0.809790028,0.012963687,0.923295668,0.473087231,-0.198241022,1.552587864,2.346731713,0.436575268,0.120931302,0.805789491,-0.917767537,2.633340412,1.099645726,-0.53566535
2150,1.848571655,1.833845933,0.310929719,-1.287394736,0.91890462,-0.107839176,0.378793233,0.850913906,0.992582771,0.238422401,-1.165045843,1.58923003,2.896277179,1.042058271,0.975609355,0.125492502
2151,1.141188211,0.993421243,-0.239469482,0.867471974,0.916710779,-1.126895392,-1.822782454,-0.850333764,1.355212633,-0.559863631,-1.243811588,-0.229340107,0.627491922,2.954262897,-2.293804474,0.34304129
2152,1.371696084,1.342127911,0.521203556,0.094176956,0.568915372,-0.975634046,-0.466489088,1.005149091,-0.743638711,-0.730709536,-0.362335933,1.981921276,-0.786670086,2.203505443,-0.556016434,-0.669448662
2153,-0.99486897,0.81290042,1.982963482,-0.631800283,1.926044183,-2.217808354,0.317938099,0.479657143,0.555934464,-0.717173794,-2.19340229,0.414249091,1.709338797,2.871786321,-0.101426124,-0.308197779
2154,0.430735785,1.437466053,0.194985963,0.475945351,2.045973965,-1.508843847,-1.590672407,-1.841759747,0.266396884,-2.099172251,-1.560051118,-0.142103525,0.361367534,1.75372809,1.054395106,-0.914423686
2155,1.208206157,1.398702617,-0.550197554,-0.524740658,1.956504735,0.27302624,-0.371252258,0.863738155,0.917366019,-1.722043727,0.897785817,0.480863256,-0.917057275,3.372584103,1.00836279,-0.457318483
2156,-0.121210126,2.815009417,2.109406647,1.398486964,-1.122339792,-0.554310489,0.738889743,1.578845296,0.118155127,-0.528735856,1.023106078,0.840541163,-0.34833337,2.731391545,-0.634987969,-0.643939714
2157,-2.169924545,0.233214765,0.300373834,0.132352609,0.329423629,-1.408783932,-1.015831517,-0.282564823,-1.288633592,-0.46976625,-0.818499591,1.339715536,0.384066198,1.930418072,2.672585226,0.117634066
2158,0.040739713,0.995410603,-0.836746889,0.545367162,0.709537823,-0.873343811,0.283544191,-1.265181385,-0.118592501,0.223391874,1.211049488,3.381448806,0.546524484,2.088410479,0.694100412,0.406779987
2159,0.657917166,0.776455781,0.833091965,-0.638488011,-1.181863137,0.681760797,0.019289247,1.439520317,1.382039965,-0.172536207,-1.787151857,2.072442964,0.801242877,1.024237626,1.605017986,0.586356399
2160,0.777631457,1.301075815,3.281884594,-0.392371446,-0.111328597,0.700749221,1.227812517,0.402512816,-0.155060284,-0.12594997,-0.545878655,0.433547587,1.853970221,1.716931819,1.568364243,1.238127201
2161,-0.241174955,2.039089551,1.511327504,-0.150769346,2.156777764,-1.964872149,-0.686995773,1.146833291,0.76320481,0.890966845,0.138299679,0.352411134,2.405159649,2.431607349,2.182260163,1.581391212
2162,-0.935869503,1.974085754,-0.404957788,0.4818578,1.4119283,-0.006903052,0.180044295,0.825820508,0.134914517,-0.513731529,-0.765810103,0.816809128,-1.825853042,1.417460886,1.987542803,0.683904715
2163,0.589709795,2.266601862,0.770992824,-0.257078183,-0.38750941,0.376831807,-1.300993715,0.662384064,0.931533711,-2.351538931,-0.958499107,0.937479403,-1.420930923,2.233362703,0.925838276,0.922719139
2164,0.7477907,2.75684566,1.547190936,-2.301086137,-0.333190985,0.853174631,0.197956015,-0.69263756,0.72490598,-0.641605164,0.414325142,0.959739229,2.115510936,2.692373975,0.858712081,1.49728753
2165,0.673561559,0.928032102,2.700179712,0.746967361,1.851933098,1.560372797,-1.507506496,1.834583876,2.500039977,-3.293495677,0.749363072,1.740684223,-0.827749512,4.414300427,0.399658552,-0.173244632
2166,0.856539944,0.596065687,0.711878454,0.832130457,-0.341864339,0.167058352,-1.297504842,2.122795613,-0.079610555,0.305318395,1.054923333,-1.297841581,0.728585842,2.661214486,2.455096953,-0.661291319
2167,-0.391955615,0.75750121,0.108030753,1.36769975,1.799152133,0.119626906,0.541721863,-1.981733186,0.638692441,-1.273153932,-1.492454147,1.242079667,0.318930766,1.497548563,-0.875050075,-0.393566039
2168,-0.392570757,3.704304715,0.523444218,1.063755961,1.385638082,0.638684586,-1.711356699,2.276552677,1.323379932,0.209480658,-0.554528225,0.487377683,-0.017787913,2.657920991,1.877058807,0.695673585
2169,-0.065552636,2.429214959,0.95315653,-0.339700332,0.687344498,-0.225534808,0.450252913,1.108685053,-0.255686354,-0.97933274,-0.070890588,3.328435553,1.731454198,2.186953875,2.7106793,-0.319947389
2170,0.942275676,2.095905374,2.905181848,-0.67761077,1.479919377,0.794950024,-2.559750762,1.155730341,-1.014500929,-1.148315985,-0.522412174,0.735033861,0.647526085,1.8580823,1.219182028,-0.664628869
2171,1.843243205,1.385784927,1.555094745,-1.950130308,1.065456918,-2.557795688,-0.985578664,0.074730174,0.643981296,-1.725481269,-1.101130836,2.094124041,0.019911562,0.523508755,-1.191503294,1.846817366
2172,0.225345729,1.091161487,0.367016489,1.167390451,2.005760453,-1.215868896,-0.580010631,-0.380275135,1.307276447,0.690427084,-1.638564604,0.668273013,1.229678979,2.739648629,0.123607243,0.620181752
2173,-0.000820732,2.092995828,0.442829597,0.712533548,0.998601298,-0.887446886,1.225594167,0.555659534,0.987599739,-1.277919584,-1.931403941,0.254484908,0.881402904,2.797090549,-0.722417842,-0.099522343
2174,-0.362377876,2.088197776,2.319238904,-0.904767969,1.54430676,-0.300301216,-0.62164266,0.277640249,0.929894633,-0.414640461,-0.98353637,0.12664002,0.513019957,1.812489359,2.719748615,0.551979281
2175,-0.208038722,3.056803506,1.506871009,-0.991205756,2.08678935,0.843237681,-1.24237903,-0.746422826,0.26525568,-1.339774296,-2.877099435,1.214415796,-1.06217699,2.21253714,0.97442337,0.292426259
2176,-1.259445523,2.752843901,0.568397482,-2.307253555,-1.242841415,1.197715056,0.501678644,0.273327031,0.584870989,1.10434208,-0.285025972,1.935630474,0.532145623,2.594386109,0.00506042,0.101502697
2177,1.281642211,0.9593428,1.129918217,1.167755858,1.19786204,0.509955561,0.129215917,-0.636462435,0.994738065,-0.990775044,-0.643390024,0.682569668,2.052135065,2.230599258,1.838682445,0.577962623
2178,1.191735211,2.405652236,2.306408375,-1.377175797,-1.054348942,-0.842004664,-0.343692685,1.236897557,1.404943867,-1.402890018,-0.925314418,-0.692835602,-1.022399564,2.305449865,2.688312924,-2.182389764
2179,1.968875723,2.297187123,0.856720221,0.463388567,1.334950081,0.145798864,0.02057517,1.596964185,3.285073839,-0.065796332,1.801223502,0.762678767,-0.100994375,3.101303604,-0.300885477,-0.859548394
2180,-0.848417466,2.446980397,-2.016048888,0.713955227,0.34126773,-0.723498008,-1.1657806,0.485444328,-1.366401779,-0.599663862,-1.527029723,-1.523471508,1.254174551,1.715955389,1.247102449,-0.73433716
2181,-1.671369951,2.541249706,2.002082731,-0.164887252,0.546236041,0.396181359,0.51969708,0.398633794,-1.308096547,-0.072750158,-3.594929367,0.587741562,0.828451667,3.191459705,-0.167377945,-2.336869453
2182,-0.115592579,2.950057941,2.101759251,0.339839249,-0.508251245,-0.587432362,1.14926419,0.445634352,-1.787093048,-3.03311095,-1.323693259,-0.961381498,1.901704076,2.993755393,0.355290146,-1.269363653
2183,1.050078151,1.616127248,1.110044292,-0.442653419,0.087252535,-1.310042112,-0.557482184,-0.567754376,-1.035933387,0.126002438,-0.188396686,0.210675934,1.182741979,1.420848346,1.039868012,-1.310758446
2184,-1.1002568,2.577492734,1.023538337,0.392462524,0.470627326,0.694691533,-0.059840588,-1.146728561,1.095487739,-0.959694602,-1.124327346,0.882698248,-1.536116559,2.669117609,0.843422218,-0.035663756
2185,0.230333492,2.004963448,1.435256932,1.50261625,1.656063497,0.064304944,-0.888920536,0.402745816,-2.059085022,-0.871922622,-2.123482285,0.367335733,2.327948217,3.120654195,0.534551289,-1.639790497
2186,0.671887638,3.771797627,2.705711652,1.747842242,0.826438829,-1.173844539,1.038833369,0.403425486,-0.10176868,0.725756444,-0.431705641,0.930974208,-0.016088271,0.433948394,2.959123577,-0.180652403
2187,-0.49709298,0.689890106,-0.018309612,1.410689743,1.674263117,-0.559535866,-1.098349762,1.361835161,-0.801015968,-1.902733335,-0.148171583,1.955783696,1.926299185,2.646336507,-0.422115714,0.781618506
2188,-0.387008871,0.320023186,-0.363098621,-0.445605486,2.00251107,0.152513357,0.444948538,-1.186818556,-0.383611818,-0.26948502,-0.739060855,-0.570848993,2.028996877,0.845845092,0.818451729,1.106582073
2189,-0.945598256,1.777596678,1.872682626,-0.155173839,2.184064696,-0.098826677,-2.274719614,2.159363597,-0.36808545,-1.424895065,0.497354936,0.564255643,1.876067966,1.804229674,2.904788807,-0.772813817
2190,0.409518115,3.043130522,0.698037067,-0.002826822,1.902930334,0.536514211,-1.706722215,-0.093531461,-0.584604805,-0.703922108,0.285150267,0.90039423,-0.64978996,1.482158037,1.795846205,-0.886619568
2191,1.920345521,2.029180198,0.163908293,0.015739836,-0.432386338,-0.711171452,-1.96386085,0.296038265,1.399180281,-1.184290584,0.36349916,0.933172343,-0.249199033,2.573328046,-0.700912503,-0.698902923
2192,1.064677055,2.593666065,2.693526867,0.418612338,0.322925464,-3.142924941,-0.655948539,-0.361231089,-2.457308048,-2.72900673,1.605790468,1.697784178,0.934447482,2.766689672,-0.214325249,-0.614774937
2193,-0.314004308,0.545480405,0.434711977,-0.798178464,1.028971458,-0.208029747,-1.903849587,0.702679403,0.06322518,-2.476774569,-1.538573019,2.582326295,1.11497715,1.084373906,0.288738913,-0.803622083
2194,-1.176061075,1.859860491,-0.122911225,1.145717529,2.019642941,0.964343109,0.375076004,0.921582838,-0.305709304,-2.726202098,-1.92661665,2.434158298,-0.396835421,3.333489257,1.917061022,-0.878109748
2195,-0.159374724,1.752403771,1.3101769,0.382195248,1.440278393,1.92149771,-0.792474678,-0.116003332,0.42057455,-1.419221828,-1.457312564,-0.389954665,0.433461422,2.17654776,-0.272631886,-0.471136183
2196,-1.251408738,0.632205934,3.671212371,0.211427377,0.391727604,0.032361317,0.264965375,1.026383237,1.166716753,-2.999594479,-1.24422753,0.032390215,1.253820887,2.70230573,-0.413240007,0.315534006
2197,-1.289549711,2.886595147,0.508256349,-0.782119903,-2.438950052,0.89111364,-1.199281914,0.999390502,1.315593247,-1.450417071,-0.747720125,2.046655131,-0.004724349,0.137451908,1.102687918,0.140439373
2198,0.914500788,0.451366455,0.517987062,1.48015467,1.746670383,0.542985114,-1.453456947,-0.571445121,1.332701591,-1.389843805,-0.494236216,0.634015906,1.342492088,2.575950544,-1.083249241,-2.022583055
2199,1.211492005,2.246842679,0.457302512,-0.807264715,1.542040097,0.255938758,-0.466648426,-1.191920759,0.709008819,-0.786628487,-2.331948057,0.278283753,2.054246114,2.551100056,-1.06450008,-0.87858804
2200,-1.181218474,1.55700259,0.572146373,-1.181484109,1.894023521,-0.056123715,0.326528707,0.788069691,0.297889905,-1.237585947,-0.059993084,1.678744252,-0.263534205,2.31544965,0.216852739,-0.229104349
2201,0.40908416,3.668826205,1.860060107,0.733039275,1.191822868,1.009887529,0.805067429,-1.053709047,0.959588042,-1.665855072,-0.936793531,0.278552451,0.906285724,2.686438315,1.85466599,-0.181438439
2202,-0.310107605,2.530589275,1.822260378,1.415102852,0.897571827,-0.173912451,0.56533918,1.318572706,-0.458993369,-1.940346708,0.477266323,-1.09212552,0.346299616,1.959033748,0.297278655,0.562771564
2203,1.488884041,0.263483625,0.979567425,0.096630769,1.856022408,-1.620249417,0.50087557,-0.513225201,2.36073855,0.705806466,-0.393216277,-0.299001712,0.061183558,1.265618907,2.571950814,-0.273563185
2204,1.139943756,1.963158408,0.923086125,0.562613159,0.400285321,-0.679414999,-0.14339786,0.779091809,0.575115204,-0.843109811,-1.309099805,1.500495388,1.020411624,2.694019488,-0.207672157,1.845946341
2205,0.422308367,3.057603815,2.926437981,-0.667963985,-0.101116619,1.384868414,0.159609436,0.779967211,1.666855022,-1.60976642,-1.516989955,1.729468033,3.171024538,2.122626859,1.740719387,2.106348763
2206,-1.186225341,1.941700317,0.329911079,-0.934212811,2.156713084,0.810175379,0.346772158,0.654511375,-0.2919758,-0.86432544,0.065495936,0.285137773,0.940987246,1.490880547,-0.26057944,-1.224186177
2207,0.808922744,0.594648619,0.219188798,0.184746868,0.200171414,1.86730645,1.75441506,0.502222154,-0.58790065,-1.031031901,0.299861083,0.152856216,-0.878980137,2.429921137,0.192699892,-0.735847583
2208,-0.105553129,1.864547851,2.00055781,-1.951684958,1.271306495,0.51890487,2.175185086,2.166833414,0.071328141,-0.694658925,-0.483378815,1.185904799,-1.039619825,3.233667299,2.735152674,-1.737746344
2209,0.262814287,1.830937189,1.575720808,-0.006338159,-0.701552701,-0.497153535,-0.515582716,-0.445057033,1.207514169,0.361697795,-1.94545565,0.695525348,-0.043590675,3.381030692,0.873504781,-0.01977406
2210,0.078528847,3.404289376,0.350620073,0.653817778,0.89165555,-0.718315592,-0.418191052,0.142392685,-0.837015489,-2.068442048,-0.538527151,-1.138786552,0.991977724,2.951584649,0.434855095,0.112568021
2211,0.767978018,0.573019521,-0.935340861,-0.543009749,-0.701897362,-0.828972967,-0.895221608,0.398227141,2.477582104,-2.378919336,-0.45183529,-0.272479951,1.919658862,2.452443505,0.631800506,-0.545055142
2212,1.3915684,-0.113983271,1.378514555,-0.507634785,1.741218514,0.91932752,0.360710318,1.679427221,1.612947404,-2.377208333,-0.819368203,1.994041709,-0.982743946,2.354488562,-1.537007139,-1.101364479
2213,-0.425880981,1.956641915,3.285240067,0.885432171,1.268127079,0.338918948,-0.923080088,0.029389803,1.0464272,0.333227087,-0.845564191,1.58007417,0.326510951,2.033541667,-0.015692452,-1.016771292
2214,-0.769597461,2.71658635,0.893719053,-1.180571097,0.812400814,-0.003932036,-0.045256838,-1.385659954,-0.37712093,-0.378463288,-2.763904221,1.501656951,0.303053902,2.073783291,0.472838797,-0.640720015
2215,0.308342448,1.220043435,-0.20149867,0.966034873,-0.620970685,-0.705681531,1.044661958,-0.991244701,0.030846724,-0.285200072,-0.279311944,1.20872822,1.196658539,1.569833459,-0.077726149,-0.048263394
2216,1.069050212,1.635237578,-0.850119107,-0.370220474,1.303930096,-0.463711897,1.141850605,1.30602805,1.107483805,0.212727634,-1.216137973,-0.021429439,0.279971584,1.392676077,0.049172675,-2.065623911
2217,0.50247433,2.776916099,1.751775158,-0.22387901,1.228926992,0.909504722,-0.923310488,0.136095596,1.171384678,-1.423486769,-3.082094201,0.508221314,-0.811692171,1.289029814,2.191224639,0.26618131
2218,-0.714584398,2.329273606,3.568976349,-0.701257781,2.42732706,0.520310881,-1.253012549,0.084003246,-0.274747827,-0.592874541,-0.428538976,1.136804637,0.974591171,1.58250395,-0.84092359,-0.033627754
2219,0.235636995,2.284134418,1.417758202,0.439864127,0.148410285,-0.720642721,-1.896093942,1.165099175,-0.183456726,-0.138331386,-0.857854221,1.935350244,2.997849688,1.969702417,2.951476701,-1.237625146
2220,0.225859886,1.082782129,-1.116121951,-0.007638525,0.121799968,-0.289901725,-0.990437574,0.602679848,0.096659262,-0.754061704,-0.710645046,-0.51818695,0.67997544,1.885890363,0.67841944,-0.371949618
2221,1.001768863,0.912787482,0.314621033,1.005310072,-0.249935904,-1.705334365,-2.031149285,1.589447822,-0.397653908,-0.748523125,-1.25561221,0.821067908,1.032022368,3.371065699,-0.721111198,1.961115446
2222,0.92342767,2.324454413,0.981999173,0.956247553,0.292430919,-2.150450364,0.964415302,2.038827053,-0.083133043,-0.839628711,-0.60333718,0.853849979,1.575637521,2.9067589,1.209190494,0.148642615
2223,0.624821825,1.39250939,1.86621695,0.775234126,0.766157004,-0.488838507,-1.714248762,0.722700045,-0.800764577,-0.574243372,-1.658947434,2.514898617,0.159947273,3.776310339,0.773315155,-1.814093725
2224,0.449290517,2.260486485,0.987254691,0.060059637,1.342103798,-0.714772293,0.632645495,-0.002005476,1.454043706,1.482122833,-0.793405051,1.24071837,-0.835392578,2.605065111,1.642315021,-0.878348888
2225,0.481597787,1.938325974,0.095746725,0.014014293,1.537043993,-0.670589753,1.699417834,0.400141175,1.690964828,-0.983064864,-0.665929611,0.809815679,1.538565074,1.011034944,1.522226299,0.188236682
2226,-0.069022625,1.959819629,0.888436383,-0.463188176,1.335174252,0.1805173,-0.429222696,0.753900172,0.500523916,-0.577393314,-2.023886218,1.153386032,0.24832434,0.858476649,-0.541337673,-1.721003279
2227,0.894865622,3.241683693,2.9414082,-0.258296268,1.402407491,-0.812101363,1.17252815,1.5802789,-0.386232113,0.355238885,-0.165672489,0.163943245,0.863864172,2.277936708,0.143993133,-1.675944275
2228,1.629794787,2.367598444,0.200306187,-0.000892687,-0.834792183,2.085388268,-0.182285158,0.768204285,0.891222754,0.418235285,0.131199711,0.993385947,-1.802738162,2.406077483,0.239346679,-0.14067376
2229,-2.114737477,2.202287428,0.882888034,-0.329536226,-0.155046711,1.433000643,0.594083802,0.555574202,-1.173646236,-0.538323714,0.499966352,0.458632543,1.922213558,2.476598187,-0.191902317,0.717389956
2230,-1.735045687,1.794121447,0.575734872,0.979849376,1.103181542,0.321619886,1.39740137,0.943950387,0.174066634,2.562146587,-0.045797472,-0.482876912,1.329122092,2.687490684,-1.448312986,0.463563821
2231,-1.178832025,1.853233585,3.580664231,-2.175922654,1.117545243,0.391815521,-0.445607981,-0.594613336,0.360178476,-0.168952584,-1.88516787,-0.878633828,0.385376894,1.360659615,2.565079243,-0.796072159
2232,0.450577108,1.73462289,0.105713669,0.570453161,1.220819783,0.616598894,-0.598752492,0.613016445,-2.065049313,-0.609594083,-2.291971969,-3.221492094,1.690921196,2.024377115,0.976919238,1.153320996
2233,1.138906924,1.932559803,0.07102628,-1.097285951,0.935701,1.269411403,-0.825132023,-0.271572438,1.014047719,0.875400204,-1.013911646,0.689256863,0.14207098,2.202130348,-1.303702356,0.914084434
2234,-0.636212972,1.860948606,-0.385022333,-0.540881137,1.124510378,0.439257244,-0.10163675,0.136854462,-2.935561257,-1.046739385,-0.207925245,0.360584068,1.390957602,1.691256586,-0.155826986,1.657972858
2235,-0.234096197,1.941464826,1.9365667,0.359735398,1.693437664,-3.430376263,-0.408552221,1.339659197,-0.399793801,-0.94116731,-2.0199901,-0.297973523,0.881338428,2.326785623,3.216689084,-0.103416695
2236,0.283418221,2.06236257,1.222082471,-0.123035934,0.515659678,-1.396284711,-0.68528393,0.304957394,0.713774265,-1.867056952,-0.230918371,2.26335435,-0.398541156,1.868431971,-0.604463551,-1.192109789
2237,-1.246435928,1.841685021,-0.885243228,0.127468508,1.062202197,-1.377006996,-1.147676196,2.02731611,0.418625943,-1.011022003,-1.173174505,0.857141971,-0.126332962,1.892604013,0.15775641,-0.454628267
2238,-0.881950509,2.4118924,0.683362489,-0.37079574,-1.118113136,-1.74422212,-1.522687138,0.599990048,-1.298365002,-1.600242903,-1.307920962,1.515983889,1.319956989,0.731230795,-1.069006834,0.745459313
2239,-0.58915701,2.62275076,3.056877218,-0.906338595,0.751157029,-0.311884501,-1.840482981,0.751127835,0.404896083,-0.74983578,-1.09177788,0.105489078,-0.155700395,2.146541433,3.392996173,0.103558064
2240,0.179104816,1.651389076,0.970908245,0.254898856,2.543125078,0.198267681,0.78324545,1.472153075,0.321981463,-1.499780684,-0.010465135,1.141938734,1.073626735,2.461472219,1.039378113,-0.652186159
2241,-1.090781388,2.265608143,-0.356426922,0.507675061,1.191279355,0.587878389,0.575456831,1.095812327,1.76200709,0.59286709,-1.290271111,-0.214816375,2.328878266,1.656338826,0.9519711,0.626798948
2242,-0.301427313,1.323637815,0.448677509,-0.073786104,2.037853546,-1.585698856,1.593451465,-0.586675409,0.193315967,0.352217288,-1.462757949,1.616559202,1.136902415,1.055259878,0.458443796,0.34289353
2243,-1.694490033,2.625002608,1.842008896,0.336386316,1.770017854,-1.627796208,0.024104352,0.64149843,0.039616261,0.103848672,0.087695177,1.350789362,-1.492750596,2.490983487,1.124942187,-1.000135561
2244,0.524002078,1.999642528,2.06387692,-1.192255133,1.028276063,-0.608100754,0.371221514,-1.202351701,0.07614507,-0.420442551,-2.461652369,1.516466875,0.333129231,2.684717322,1.382868749,-1.619202767
2245,-0.110345159,1.956871026,1.189208529,-0.217030693,1.459422759,-1.636657435,2.157048521,0.197769466,-0.902568709,-0.417732783,-0.839671879,0.815002621,1.073755048,1.939031443,1.941689746,0.597321105
2246,1.34263449,0.51836979,0.326841122,0.546364489,0.844500664,-0.658478828,1.061313628,-0.43722703,-0.376744486,-0.76341271,0.191550844,0.333949985,-0.569330851,0.60329157,0.222646315,1.399814477
2247,-0.482980454,2.21678454,2.836740126,1.160284353,0.630976056,0.50667092,-0.470953251,0.415079843,0.718330778,-0.055876269,-1.336776456,-0.001119968,0.254637584,0.148806017,0.644114847,0.529224534
2248,1.065387453,2.70496066,-0.685658285,-0.652238393,1.681704786,-0.744597111,1.836361347,0.180984671,-0.902194749,0.32073798,-1.315730201,0.840862712,-0.882671799,1.971326594,0.39142372,-2.80341094
2249,-0.549321729,2.215050087,-0.801424976,-0.133715111,2.56639267,-0.272176463,2.206221649,-0.435698822,0.483452803,-0.569274657,-0.45986611,-0.520507341,-1.422654835,1.935931263,1.708000506,-0.773859537
2250,0.791060777,1.775297966,0.923904621,0.050409076,1.444005987,0.973797594,1.365225036,0.27568464,-1.118008331,-1.038395159,-0.755376372,0.734761253,0.133653456,0.211209879,2.069571117,-0.82736373
2251,-1.412935375,1.910929525,3.413151513,0.312544485,0.932386415,-0.738435203,0.142854362,0.24148355,2.593523219,-0.002854595,-3.31132342,0.796709432,1.939086351,1.528478758,1.964374059,0.413649635
2252,0.797810142,1.307601945,1.612842153,0.096618368,1.490742247,-0.794570518,-0.384980372,1.344407224,1.422690571,-1.333859338,-2.442353254,1.498716083,-0.314082587,3.058386399,-1.689992368,0.876669418
2253,0.832353407,1.338812299,0.310195931,0.919102175,0.553935509,0.244061738,-2.452302299,-0.140882215,0.750728517,-0.446137028,-3.739396372,1.128928411,0.681940948,1.919389911,-0.462910313,0.494305046
2254,0.497243696,2.055100109,0.065302503,1.657565616,2.046800623,0.08445918,-0.883468368,0.186007978,-1.50867409,-2.601056395,-1.922182558,0.354781997,-0.009197209,2.133853809,1.824241578,0.827402309
2255,0.669166222,0.276541567,1.183831264,-2.779709968,0.854801416,-0.334256291,-0.336680819,-0.376865308,-2.041181582,-2.208202343,-0.337749547,1.806271582,0.77155889,2.718021598,2.872398707,-1.211362819
2256,0.763413003,2.171450481,1.808980316,0.054990199,0.842668272,1.147652276,0.232447056,0.043378946,-3.486819814,-0.815578326,-0.956825269,-0.495313399,0.227389396,2.034688328,-0.493357618,-0.825615603
2257,1.365482544,2.875397547,1.338561301,-0.541234634,1.005312667,0.076217427,-0.386190825,1.792148114,-2.285527114,-0.035144462,-0.725015907,2.64851082,1.64227186,1.037718519,-1.515150424,0.199232907
2258,1.252435026,1.284197627,0.386826315,0.799937261,2.51571564,-0.787833713,1.929078753,0.950712763,1.041129713,-1.521339452,0.686122616,0.081827791,0.731187741,1.409276524,0.038430281,0.11248843
2259,0.12120828,3.318834164,0.697630416,0.567289073,0.892010776,-0.282007882,-0.641395763,1.48903973,-1.201485371,1.574322784,0.388534796,0.864771058,-1.868998079,1.490231713,1.567605816,0.228596159
2260,-0.020397076,2.405795791,1.72672261,1.242194171,1.184230104,-0.143007374,-1.535547369,-1.133758987,-0.520195511,-0.273979433,-1.091627403,-0.196994949,0.158058745,0.555735283,1.892610205,-1.74413408
2261,-0.9273358,1.404563726,1.816901447,1.701624238,1.950995592,1.091134453,0.755871591,1.941685154,0.075824456,-1.265295739,0.517446953,2.073432388,1.239862533,2.244173612,0.92378202,-0.448437659
2262,1.114921126,1.36758123,0.306046385,0.353004146,2.309418259,0.339457923,0.817170887,-0.009795162,-0.287012796,-0.076862883,-0.381513712,0.427488577,0.917902767,1.047854953,-1.285939734,0.757361784
2263,-0.802444279,2.408296847,2.319546816,-0.106406517,0.221151595,-0.35841235,1.175357761,0.474089806,2.198667383,-0.365574687,-0.407857634,1.468596549,1.077572928,1.686580975,-1.517672784,0.096863095
2264,-0.714083216,0.825606633,1.132383854,-0.687792763,2.726076512,0.418246609,-0.771416155,1.099082421,-2.063153193,-0.009453729,0.101276636,0.86085786,1.076896992,1.80958738,0.914511063,-1.258598608
2265,1.806815038,1.051595188,-0.648340624,-0.318682573,0.836954033,-0.418833902,1.203302375,0.584321682,0.260198912,-1.796840925,-0.339556439,1.194246189,0.828743112,2.799120979,0.411463003,-2.696970779
2266,0.977052263,1.480809281,0.821360069,0.445736499,1.445635646,1.416448837,0.719849081,1.093204991,0.107196554,-1.798701067,-0.402326391,1.396500071,-1.164323972,2.483467316,2.208705225,-0.994531538
2267,-0.750516394,3.932184198,0.140638634,-2.106914185,1.51076156,-0.2520865,-0.31316534,1.981499509,-4.065204976,0.226752257,-0.479025426,-0.409422686,-1.464350286,2.431857684,0.511158594,-0.325567657
2268,0.193238039,3.432771767,0.811990115,-1.936379827,-0.684866114,0.288341899,-0.955052588,2.139267587,0.872182769,-0.757115297,-2.64009122,-0.636435951,-0.967445914,2.841824896,-0.278201888,1.227543556
2269,-0.082078149,2.075969463,2.121140546,-0.472594206,2.047772052,0.379713152,0.15435924,0.730957621,-1.226799341,-1.217323114,-1.076541838,2.310084023,-0.299318896,2.812791793,1.242078612,2.445769022
2270,0.067185759,2.650183096,1.100311556,1.180426342,-0.29752081,-0.955549478,-1.965425501,2.219557703,1.6053554,-1.918038277,-1.185354827,0.22023742,2.640492332,2.244993754,-1.326930254,0.528663351
2271,0.094027759,2.338840958,1.196005846,-0.595556783,0.552326,-0.741119183,-0.166073111,2.106039905,1.658300701,-0.442019871,-1.539290713,0.434525124,-0.006189194,1.875815836,0.096593537,-1.217772801
2272,0.254335796,2.809250588,0.299393139,0.445995554,0.338341007,-0.260634921,2.213025619,0.436408626,0.133691215,-0.356900328,-0.831857236,-0.960644274,1.85765637,2.650134235,0.78835333,-1.617693413
2273,-0.349718005,-0.030401536,1.430127242,0.764233498,0.794747188,0.71776583,0.385128922,-0.323223902,1.269594469,0.717671885,-0.790535473,0.257693464,1.304047828,2.450325212,-0.596567399,-0.207682761
2274,1.24625918,2.527547032,1.333845119,0.064077265,1.300247014,0.054785434,-1.372487393,0.281133578,0.205817349,-1.22981997,-0.613867069,1.336206107,-0.439857239,2.785194915,1.173618088,-3.131474404
